"CallStartTime","PacketLossRate","RoundTripLatencyInMs","PacketsSent","PacketsReceived","AverageJitterInMs","PacketReorderRatio"
"04.05.2018 18:35:09","0","23","283","283","7,18401","0"
"04.05.2018 18:41:14","0","24","852","852","5,200954","0"
"04.05.2018 18:35:09","0","23","283","283","7,18401","0"
"04.05.2018 18:35:09","0","23","283","283","7,18401","0"
"04.05.2018 18:45:15","0","27,5","283","283","5,595415","0"
"04.05.2018 18:46:03","0","23","850","850","4,610862","0"
"07.05.2018 11:19:35","0","30","283","283","8,380434","0"
"07.05.2018 11:20:34","0","25","283","283","11,77756","0"
"07.05.2018 11:23:25","0","24,5","283","283","7,310912","0"
"07.05.2018 11:23:58","0","24","283","283","13,51959","0"
"07.05.2018 11:24:39","0","24","851","851","13,90868","0"
"07.05.2018 11:26:02","0","29,5","283","283","5,799522","0"
"07.05.2018 11:27:33","0","26","851","851","8,227014","0"
"07.05.2018 11:27:59","0","29","851","851","9,500827","0"
"07.05.2018 11:28:25","0","24,5","283","283","6,492446","0"
"07.05.2018 11:29:43","0","24","851","851","10,92941","0"
"07.05.2018 11:30:12","0","26","851","851","9,084611","0"
"07.05.2018 11:30:39","0","29","283","283","7,764318","0"
"07.05.2018 11:31:04","0","29","851","851","8,926963","0"
"07.05.2018 11:31:31","0","25,5","851","851","12,7462","0"
"07.05.2018 11:31:57","0","31,5","851","851","4,379536","0"
"07.05.2018 11:32:23","0","29,5","851","851","12,38081","0"
"07.05.2018 11:32:49","0","29,5","851","851","11,37736","0"
"07.05.2018 11:33:15","0","24,5","283","283","8,765508","0"
"07.05.2018 11:33:41","0","31","851","851","13,16171","0"
"07.05.2018 11:34:07","0","31","283","283","14,62525","0"
"07.05.2018 11:34:33","0","34,5","851","851","13,3027","0"
"07.05.2018 11:35:00","0","33","851","851","18,98742","0"
"07.05.2018 11:35:25","0","32","283","283","16,26241","0"
"07.05.2018 11:35:52","0","31","851","851","10,73489","0"
"07.05.2018 11:36:18","0","31,5","283","283","14,16871","0"
"07.05.2018 11:36:44","0","27","283","283","10,95098","0"
"07.05.2018 11:37:10","0","27,5","851","851","16,51442","0"
"07.05.2018 11:37:36","0","26","851","851","16,66763","0"
"07.05.2018 11:38:02","0","32","283","283","18,55299","0"
"07.05.2018 11:38:28","0","32,5","851","851","17,95256","0"
"07.05.2018 11:38:54","0","28,5","851","851","16,57483","0"
"07.05.2018 11:39:21","0","33,5","283","283","11,55501","0"
"07.05.2018 11:39:47","0","33,5","283","283","18,74961","0"
"07.05.2018 11:40:13","0","50","283","283","70,40972","0"
"07.05.2018 11:40:39","0","33,5","283","283","36,96254","0"
"07.05.2018 11:41:05","0","38,5","850","850","22,75463","0"
"07.05.2018 11:41:31","0","39","851","851","17,35453","0"
"07.05.2018 11:41:57","0","29","851","851","15,91547","0"
"07.05.2018 11:43:38","0","32","283","283","26,35925","0"
"07.05.2018 11:44:04","0","34,5","283","283","33,7824","0"
"07.05.2018 11:44:30","0","32","283","283","26,80417","0"
"07.05.2018 11:44:57","0","28,5","720","720","29,22441","0"
"07.05.2018 11:45:23","0","39","283","283","22,89036","0"
"07.05.2018 11:45:49","0","31","851","851","14,22358","0"
"07.05.2018 11:46:16","0","35","283","283","13,7789","0"
"07.05.2018 11:46:42","0","38","283","283","29,65212","0"
"07.05.2018 11:47:08","0","35,5","283","283","16,22904","0"
"07.05.2018 11:47:34","0","32","851","851","18,16407","0"
"07.05.2018 11:48:00","0","32,5","283","283","19,86698","0"
"07.05.2018 11:48:53","0","29","283","283","21,22696","0"
"07.05.2018 11:49:19","0","31,5","851","851","11,38353","0"
"07.05.2018 11:49:45","0","31","283","283","23,76283","0"
"07.05.2018 11:50:12","0","40","851","851","22,5466","0"
"07.05.2018 11:50:39","0","35,5","851","851","15,04601","0"
"07.05.2018 11:51:05","0","29,5","283","283","13,32477","0"
"07.05.2018 11:51:31","0","29,5","283","283","19,20673","0"
"07.05.2018 11:51:57","0","27","851","851","15,40802","0"
"07.05.2018 11:52:23","0","33,5","283","283","14,30948","0"
"07.05.2018 11:52:49","0","31,5","851","851","10,90145","0"
"07.05.2018 11:53:23","0","33,5","283","283","16,0778","0"
"07.05.2018 11:53:49","0","31","851","851","12,01196","0"
"07.05.2018 11:54:32","0","34,5","283","283","21,68538","0"
"07.05.2018 11:54:58","0","31","283","283","10,19598","0"
"07.05.2018 11:55:24","0","30","283","283","8,492091","0"
"07.05.2018 11:55:50","0","32","851","851","10,73973","0"
"07.05.2018 11:56:17","0","28","283","283","19,04994","0"
"07.05.2018 11:56:42","0","25,5","283","283","12,84443","0"
"07.05.2018 11:57:09","0","26","283","283","19,80336","0"
"07.05.2018 11:57:35","0","29,5","283","283","18,65576","0"
"07.05.2018 11:58:01","0","24,5","283","283","18,16283","0"
"07.05.2018 11:58:27","0","24","851","851","11,11505","0"
"07.05.2018 11:58:53","0","42","283","283","8,845518","0"
"07.05.2018 11:59:27","0","30,5","283","283","5,950976","0"
"07.05.2018 12:00:02","0","24","283","283","10,24967","0"
"07.05.2018 12:00:28","0","31,5","283","283","11,51525","0"
"07.05.2018 12:00:54","0","31","283","283","6,201423","0"
"07.05.2018 12:01:20","0","30","283","283","6,812971","0"
"07.05.2018 12:01:46","0","25","283","283","8,230052","0"
"07.05.2018 12:02:12","0","23,5","851","851","11,74722","0"
"07.05.2018 12:02:49","0","28,5","850","850","7,186651","0"
"07.05.2018 12:03:15","0","25","851","851","10,6418","0"
"07.05.2018 12:03:41","0","29","283","283","19,86675","0"
"07.05.2018 12:04:07","0","24","283","283","7,016248","0"
"07.05.2018 12:04:33","0","24,5","283","283","17,11658","0"
"07.05.2018 12:04:59","0","28,5","283","283","8,550145","0"
"07.05.2018 12:05:25","0","23,5","851","851","4,641372","0"
"07.05.2018 12:05:51","0","30,5","851","851","4,667333","0"
"07.05.2018 12:06:17","0","31","851","851","4,936013","0"
"07.05.2018 12:06:43","0","30","851","851","6,014183","0"
"07.05.2018 12:07:10","0","26","850","850","10,84447","0"
"07.05.2018 12:07:36","0","33","851","851","12,29822","0"
"07.05.2018 12:08:20","0","24","283","283","8,767039","0"
"07.05.2018 12:08:54","0","24","851","851","10,48109","0"
"07.05.2018 12:09:20","0","26,5","851","851","12,55308","0"
"07.05.2018 12:09:46","0","25,5","850","850","10,02256","0"
"07.05.2018 12:10:12","0","31,5","283","283","6,506675","0"
"07.05.2018 12:10:38","0","31","851","851","6,202857","0"
"07.05.2018 12:11:04","0","29,5","850","850","6,020112","0"
"07.05.2018 12:11:30","0","24","283","283","9,955439","0"
"07.05.2018 12:11:56","0","30,5","283","283","9,447585","0"
"07.05.2018 12:12:23","0","30","851","851","8,342887","0"
"07.05.2018 12:12:49","0","24","851","851","9,362147","0"
"07.05.2018 12:13:23","0","24,5","851","851","9,365435","0"
"07.05.2018 12:13:49","0","29","283","283","8,743213","0"
"07.05.2018 12:14:15","0","26,5","851","851","9,744619","0"
"07.05.2018 12:14:41","0","31","283","283","8,143671","0"
"07.05.2018 12:15:07","0","25,5","851","851","5,516658","0"
"07.05.2018 12:15:33","0","25,5","851","851","6,222213","0"
"07.05.2018 12:16:00","0","31","851","851","11,52801","0"
"07.05.2018 12:16:34","0","29,5","283","283","7,427304","0"
"07.05.2018 12:17:00","0","28,5","851","851","6,489669","0"
"07.05.2018 12:17:26","0","28,5","283","283","4,825504","0"
"07.05.2018 12:17:52","0","26,5","851","851","5,575824","0"
"07.05.2018 12:18:26","0","30,5","284","284","9,284606","0"
"07.05.2018 12:18:52","0","29,5","851","851","9,618552","0"
"07.05.2018 12:19:19","0","29","283","283","7,94873","0"
"07.05.2018 12:19:45","0","25,5","283","283","5,336438","0"
"07.05.2018 12:20:11","0","25","283","283","7,556358","0"
"07.05.2018 12:20:37","0","24","851","851","12,19631","0"
"07.05.2018 12:21:03","0","29","851","851","9,378337","0"
"07.05.2018 12:21:29","0","25,5","283","283","9,397231","0"
"07.05.2018 12:21:55","0","28,5","283","283","5,069801","0"
"07.05.2018 12:22:21","0","30","851","851","4,468102","0"
"07.05.2018 12:22:47","0","30","851","851","5,226653","0"
"07.05.2018 12:23:13","0","28","283","283","5,634765","0"
"07.05.2018 12:23:40","0","29","851","851","6,368587","0"
"07.05.2018 12:24:14","0","24","283","283","8,423802","0"
"07.05.2018 12:24:48","0","30","850","850","8,857975","0"
"07.05.2018 12:25:14","0","28","851","851","9,30463","0"
"07.05.2018 12:25:40","0","29","851","851","6,191169","0"
"07.05.2018 12:26:06","0","25,5","284","284","10,60917","0"
"07.05.2018 12:26:33","0","31","851","851","5,859822","0"
"07.05.2018 12:26:59","0","27","851","851","6,433697","0"
"07.05.2018 12:27:25","0","28,5","283","283","4,903233","0"
"07.05.2018 12:27:51","0","24,5","851","851","9,179359","0"
"07.05.2018 12:28:18","0","24","851","851","9,862244","0"
"07.05.2018 12:28:44","0","28","851","851","10,44052","0"
"07.05.2018 12:29:10","0","23,5","283","283","5,678423","0"
"07.05.2018 12:29:36","0","28,5","851","851","6,631859","0"
"07.05.2018 12:30:02","0","28,5","283","283","5,084585","0"
"07.05.2018 12:30:28","0","25,5","283","283","7,282528","0"
"07.05.2018 12:30:54","0","24","851","851","6,638386","0"
"07.05.2018 12:31:20","0","31,5","283","283","5,84424","0"
"07.05.2018 12:31:47","0","30","851","851","9,478339","0"
"07.05.2018 12:32:13","0","24","283","283","7,737619","0"
"07.05.2018 12:32:39","0","30","283","283","18,66952","0"
"07.05.2018 12:33:05","0","32","851","851","15,01202","0"
"07.05.2018 12:33:31","0","161","283","283","76,91866","0"
"07.05.2018 12:33:57","0","35,5","283","283","18,33239","0"
"07.05.2018 12:34:23","0","30","283","283","6,973819","0"
"07.05.2018 12:34:49","0","23","283","283","7,260882","0"
"07.05.2018 12:35:15","0","27,5","283","283","3,964845","0"
"07.05.2018 12:35:41","0","23","283","283","6,528954","0"
"07.05.2018 12:36:08","0","27,5","283","283","6,080472","0"
"07.05.2018 12:36:42","0","25","851","851","3,608316","0"
"07.05.2018 12:37:08","0","23,5","851","851","7,34612","0"
"07.05.2018 12:37:34","0","25","283","283","4,760196","0"
"07.05.2018 12:38:00","0","23","283","283","5,073163","0"
"07.05.2018 12:38:26","0","27,5","283","283","6,793445","0"
"07.05.2018 12:38:52","0","23","283","283","7,143276","0"
"07.05.2018 12:39:18","0","29,5","851","851","3,991237","0"
"07.05.2018 12:39:44","0","28","851","851","5,152977","0"
"07.05.2018 12:40:11","0","55,5","283","283","6,770928","0"
"07.05.2018 12:40:37","0","23","851","851","7,227933","0"
"07.05.2018 12:41:03","0","30","851","851","7,182047","0"
"07.05.2018 12:41:29","0","22,5","851","851","7,434762","0"
"07.05.2018 12:41:55","0","23","283","283","3,69317","0"
"07.05.2018 12:42:21","0","22,5","283","283","7,407349","0"
"07.05.2018 12:42:47","0","27,5","283","283","6,79026","0"
"07.05.2018 12:43:13","0","30,5","851","851","8,563341","0"
"07.05.2018 12:43:39","0","22,5","851","851","3,948725","0"
"07.05.2018 12:44:05","0","30","283","283","6,835474","0"
"07.05.2018 12:44:31","0","23","851","851","6,609518","0"
"07.05.2018 12:44:58","0","28,5","851","851","3,719095","0"
"07.05.2018 12:45:24","0","25","283","283","6,69126","0"
"07.05.2018 12:45:50","0","25","851","851","9,035072","0"
"07.05.2018 12:46:16","0","26","283","283","10,2048","0"
"07.05.2018 12:46:42","0","23,5","851","851","5,157806","0"
"07.05.2018 12:47:16","0","26","851","851","7,569063","0"
"07.05.2018 12:47:42","0","23,5","851","851","8,804314","0"
"07.05.2018 12:48:08","0","29,5","283","283","5,269399","0"
"07.05.2018 12:48:34","0","28","851","851","9,940843","0"
"07.05.2018 12:49:01","0","28,5","283","283","7,372904","0"
"07.05.2018 12:49:27","0","27,5","851","851","2,598734","0"
"07.05.2018 12:49:53","0","27,5","283","283","6,057517","0"
"07.05.2018 12:50:19","0","29","283","283","5,675802","0"
"07.05.2018 12:50:45","0","30","851","851","3,633833","0"
"07.05.2018 12:51:11","0","27,5","851","851","7,481181","0"
"07.05.2018 12:51:37","0","23","851","851","7,493418","0"
"07.05.2018 12:52:03","0","23","851","851","5,84534","0"
"07.05.2018 12:52:29","0","27,5","851","851","4,633075","0"
"07.05.2018 12:52:55","0","27,5","851","851","5,566644","0"
"07.05.2018 12:53:21","0","30","851","851","6,897311","0"
"07.05.2018 12:53:56","0","23","851","851","7,948938","0"
"07.05.2018 12:54:22","0","24,5","851","851","2,637451","0"
"07.05.2018 12:54:48","0","23,5","283","283","3,008327","0"
"07.05.2018 12:55:14","0","27,5","851","851","5,705975","0"
"07.05.2018 12:55:40","0","23","283","283","19,27738","0"
"07.05.2018 12:56:06","0","27,5","851","851","2,758071","0"
"07.05.2018 12:56:41","0","25","851","851","3,715476","0"
"07.05.2018 12:57:08","0","30","283","283","5,524053","0"
"07.05.2018 12:57:34","0","25","283","283","8,189776","0"
"07.05.2018 12:58:00","0","23,5","283","283","6,738205","0"
"07.05.2018 12:58:26","0","31","851","851","6,276036","0"
"07.05.2018 12:58:52","0","23","851","851","10,39794","0"
"07.05.2018 12:59:18","0","27,5","851","851","6,882087","0"
"07.05.2018 12:59:44","0","23","283","283","3,678801","0"
"07.05.2018 13:00:10","0","23","851","851","5,952079","0"
"07.05.2018 13:00:36","0","30","851","851","5,920067","0"
"07.05.2018 13:01:02","0","29,5","283","283","6,505325","0"
"07.05.2018 13:01:28","0","27,5","283","283","6,106588","0"
"07.05.2018 13:01:54","0","27","283","283","7,103868","0"
"07.05.2018 13:02:21","0","23","283","283","5,44574","0"
"07.05.2018 13:02:47","0","29,5","283","283","2,633145","0"
"07.05.2018 13:03:13","0","25,5","851","851","7,079131","0"
"07.05.2018 13:03:39","0","23","283","283","7,008305","0"
"07.05.2018 13:04:05","0","29,5","851","851","3,753901","0"
"07.05.2018 13:04:31","0","23,5","283","283","3,976051","0"
"07.05.2018 13:04:57","0","24,5","851","851","6,480029","0"
"07.05.2018 13:05:23","0","30","283","283","2,826454","0"
"07.05.2018 13:05:49","0","28","851","851","7,297415","0"
"07.05.2018 13:06:15","0","25","283","283","4,277165","0"
"07.05.2018 13:06:41","0","25","283","283","12,33701","0"
"07.05.2018 13:07:08","0","23","851","851","3,26212","0"
"07.05.2018 13:07:34","0","23","283","283","9,157868","0"
"07.05.2018 13:08:00","0","27","851","851","7,048439","0"
"07.05.2018 13:08:26","0","27,5","851","851","6,385159","0"
"07.05.2018 13:08:52","0","30","851","851","2,746593","0"
"07.05.2018 13:09:18","0","25","851","851","4,192397","0"
"07.05.2018 13:09:44","0","28,5","851","851","8,844934","0"
"07.05.2018 13:10:10","0","30","283","283","5,552201","0"
"07.05.2018 13:10:44","0","26,5","283","283","12,72708","0"
"07.05.2018 13:11:11","0","23","850","850","6,992275","0"
"07.05.2018 13:11:37","0","30","283","283","9,60282","0"
"07.05.2018 13:12:03","0","24","851","851","3,622348","0"
"07.05.2018 13:12:37","0","29,5","283","283","9,00161","0"
"07.05.2018 13:13:03","0","27,5","283","283","3,406651","0"
"07.05.2018 13:13:37","0","30","850","850","9,719884","0"
"07.05.2018 13:14:03","0","29,5","283","283","6,060596","0"
"07.05.2018 13:14:29","0","23","851","851","8,31593","0"
"07.05.2018 13:14:56","0","30","283","283","5,237615","0"
"07.05.2018 13:15:22","0","25","283","283","6,59635","0"
"07.05.2018 13:15:48","0","22,5","851","851","5,201685","0"
"07.05.2018 13:16:14","0","23,5","283","283","7,290757","0"
"07.05.2018 13:16:40","0","27","851","851","4,37885","0"
"07.05.2018 13:17:06","0","25","283","283","13,46031","0"
"07.05.2018 13:17:40","0","28","283","283","14,47687","0"
"07.05.2018 13:18:06","0","23","851","851","7,614543","0"
"07.05.2018 13:18:32","0","31,5","283","283","4,030737","0"
"07.05.2018 13:18:59","0","30","283","283","1,767092","0"
"07.05.2018 13:19:25","0","27,5","851","851","7,692708","0"
"07.05.2018 13:19:51","0","30","851","851","2,496731","0"
"07.05.2018 13:20:17","0","22,5","851","851","8,742749","0"
"07.05.2018 13:20:43","0","24,5","851","851","10,49537","0"
"07.05.2018 13:21:09","0","30,5","851","851","3,355825","0"
"07.05.2018 13:21:43","0","30","283","283","3,53854","0"
"07.05.2018 13:22:09","0","44,5","851","851","9,795206","0"
"07.05.2018 13:22:35","0","22,5","851","851","3,375943","0"
"07.05.2018 13:23:02","0","24,5","851","851","7,620579","0"
"07.05.2018 13:23:28","0","25","283","283","15,90719","0"
"07.05.2018 13:23:54","0","30","283","283","3,989648","0"
"07.05.2018 13:24:20","0","29,5","851","851","6,101471","0"
"07.05.2018 13:24:46","0","29,5","283","283","5,175933","0"
"07.05.2018 13:25:12","0","28","851","851","7,086572","0"
"07.05.2018 13:25:38","0","28,5","850","850","8,724265","0"
"07.05.2018 13:26:04","0","30,5","283","283","8,328694","0"
"07.05.2018 13:26:30","0","25,5","283","283","7,088698","0"
"07.05.2018 13:26:56","0","23","283","283","7,751072","0"
"07.05.2018 13:27:22","0","28,5","851","851","9,054391","0"
"07.05.2018 13:27:49","0","23,5","851","851","4,31743","0"
"07.05.2018 13:28:31","0","30","283","283","6,206857","0"
"07.05.2018 13:28:57","0","28","851","851","3,041508","0"
"07.05.2018 13:29:23","0","23,5","283","283","7,798211","0"
"07.05.2018 13:29:57","0","29,5","283","283","5,688105","0"
"07.05.2018 13:30:23","0","27,5","283","283","6,588879","0"
"07.05.2018 13:30:50","0","23","850","850","8,203486","0"
"07.05.2018 13:31:16","0","30","283","283","3,262952","0"
"07.05.2018 13:31:42","0","25,5","283","283","5,30229","0"
"07.05.2018 13:32:08","0","29,5","283","283","5,134313","0"
"07.05.2018 13:32:34","0","23","851","851","8,046774","0"
"07.05.2018 13:33:00","0","29,5","851","851","5,961481","0"
"07.05.2018 13:33:26","0","25","283","283","5,706386","0"
"07.05.2018 13:33:52","0","23,5","283","283","8,335724","0"
"07.05.2018 13:34:18","0","28","851","851","3,409785","0"
"07.05.2018 13:34:44","0","28","851","851","4,760266","0"
"07.05.2018 13:35:10","0","28","283","283","5,442143","0"
"07.05.2018 13:35:37","0","27,5","851","851","7,027308","0"
"07.05.2018 13:36:03","0","26","283","283","2,39222","0"
"07.05.2018 13:36:29","0","27,5","851","851","7,632232","0"
"07.05.2018 13:36:55","0","28,5","283","283","6,081946","0"
"07.05.2018 13:37:21","0","29,5","283","283","15,73162","0"
"07.05.2018 13:37:55","0","29,5","851","851","9,819138","0"
"07.05.2018 13:38:21","0","23","851","851","8,853312","0"
"07.05.2018 13:38:47","0","25","283","283","17,58962","0"
"07.05.2018 13:39:21","0","28,5","851","851","4,392527","0"
"07.05.2018 13:39:56","0","29","851","851","9,266302","0"
"07.05.2018 13:40:22","0","25,5","283","283","3,928944","0"
"07.05.2018 13:40:48","0","29,5","851","851","3,917585","0"
"07.05.2018 13:41:14","0","30","283","283","10,18582","0"
"07.05.2018 13:41:48","0","24","851","851","5,056432","0"
"07.05.2018 13:42:14","0","31","851","851","5,854476","0"
"07.05.2018 13:42:39","0","36","283","283","29,37111","0"
"07.05.2018 13:43:06","0","29,5","851","851","8,618488","0"
"07.05.2018 13:43:32","0","28","283","283","16,68509","0"
"07.05.2018 13:43:58","0","32","283","283","14,15031","0"
"07.05.2018 13:44:24","0","27","283","283","14,50432","0"
"07.05.2018 13:44:50","0","29","283","283","6,37862","0"
"07.05.2018 13:45:16","0","24","283","283","4,255506","0"
"07.05.2018 13:45:42","0","25","283","283","12,54965","0"
"07.05.2018 13:46:08","0","23,5","283","283","4,989918","0"
"07.05.2018 13:46:42","0","24","851","851","10,29977","0"
"07.05.2018 13:47:09","0","25,5","851","851","5,22909","0"
"07.05.2018 13:47:35","0","33","283","283","9,34435","0"
"07.05.2018 13:48:01","0","29,5","851","851","9,542362","0"
"07.05.2018 13:48:27","0","30","283","283","8,900203","0"
"07.05.2018 13:48:53","0","30","851","851","8,473961","0"
"07.05.2018 13:49:19","0","31","283","283","4,848513","0"
"07.05.2018 13:49:45","0","23,5","851","851","6,190689","0"
"07.05.2018 13:50:11","0","28","851","851","5,997971","0"
"07.05.2018 13:50:37","0","23,5","283","283","6,494839","0"
"07.05.2018 13:51:03","0","23,5","283","283","6,273962","0"
"07.05.2018 13:51:29","0","29,5","283","283","5,887608","0"
"07.05.2018 13:51:56","0","25,5","851","851","6,312911","0"
"07.05.2018 13:52:22","0","25","851","851","7,080783","0"
"07.05.2018 13:52:48","0","29","851","851","8,114716","0"
"07.05.2018 13:53:14","0","29","283","283","7,51174","0"
"07.05.2018 13:53:40","0","25","283","283","10,11987","0"
"07.05.2018 13:54:06","0","29","851","851","5,822042","0"
"07.05.2018 13:54:32","0","31","283","283","18,12759","0"
"07.05.2018 13:54:58","0","29","851","851","6,556254","0"
"07.05.2018 13:55:33","0","27","851","851","10,33526","0"
"07.05.2018 13:55:59","0","29","851","851","9,161804","0"
"07.05.2018 13:56:25","0","30","283","283","8,752797","0"
"07.05.2018 13:56:51","0","28","851","851","9,639365","0"
"07.05.2018 13:57:26","0","28,5","851","851","4,64794","0"
"07.05.2018 13:57:52","0","30","283","283","8,780577","0"
"07.05.2018 13:58:18","0","29","851","851","10,13691","0"
"07.05.2018 13:58:44","0","28,5","283","283","10,76196","0"
"07.05.2018 13:59:10","0","32","851","851","4,654358","0"
"07.05.2018 13:59:36","0","25","851","851","7,696292","0"
"07.05.2018 14:00:03","0","28,5","851","851","4,698321","0"
"07.05.2018 14:00:29","0","31","283","283","5,700693","0"
"07.05.2018 14:00:55","0","24,5","851","851","8,945393","0"
"07.05.2018 14:01:21","0","24,5","851","851","6,899808","0"
"07.05.2018 14:01:47","0","25","283","283","8,027254","0"
"07.05.2018 14:02:13","0","28,5","851","851","7,464321","0"
"07.05.2018 14:02:39","0","32,5","283","283","24,84787","0"
"07.05.2018 14:03:05","0","28","851","851","7,69284","0"
"07.05.2018 14:03:31","0","28","283","283","4,804","0"
"07.05.2018 14:03:57","0","29,5","851","851","4,401426","0"
"07.05.2018 14:04:23","0","25","850","850","10,32997","0"
"07.05.2018 14:04:50","0","28,5","851","851","6,361409","0"
"07.05.2018 14:05:16","0","31,5","851","851","13,37631","0"
"07.05.2018 14:05:42","0","31,5","283","283","15,51635","0"
"07.05.2018 14:06:08","0","29","283","283","31,16918","0"
"07.05.2018 14:06:34","0","28","283","283","7,011473","0"
"07.05.2018 14:07:08","0","29,5","283","283","4,538355","0"
"07.05.2018 14:07:34","0","30","851","851","5,003388","0"
"07.05.2018 14:08:00","0","24,5","851","851","4,976021","0"
"07.05.2018 14:08:43","0","27","851","851","13,68128","0"
"07.05.2018 14:09:09","0","28,5","851","851","4,648443","0"
"07.05.2018 14:09:35","0","29","284","284","9,822841","0"
"07.05.2018 14:10:01","0","24","851","851","7,460627","0"
"07.05.2018 14:10:27","0","24,5","283","283","9,286563","0"
"07.05.2018 14:10:53","0","28","283","283","8,92193","0"
"07.05.2018 14:11:19","0","29","851","851","5,070151","0"
"07.05.2018 14:11:45","0","29","851","851","10,23759","0"
"07.05.2018 14:12:11","0","28,5","851","851","7,383497","0"
"07.05.2018 14:12:38","0","25,5","283","283","9,365407","0"
"07.05.2018 14:13:04","0","23,5","283","283","7,644273","0"
"07.05.2018 14:13:30","0","25","283","283","8,469716","0"
"07.05.2018 14:13:56","0","25","283","283","6,5304","0"
"07.05.2018 14:14:22","0","25","851","851","4,925756","0"
"07.05.2018 14:14:48","0","29,5","283","283","7,705228","0"
"07.05.2018 14:15:14","0","29,5","283","283","3,364087","0"
"07.05.2018 14:15:40","0","23,5","851","851","6,141875","0"
"07.05.2018 14:16:06","0","29,5","851","851","10,34325","0"
"07.05.2018 14:16:40","0","30","851","851","14,68414","0"
"07.05.2018 14:17:07","0","23","851","851","6,115779","0"
"07.05.2018 14:17:33","0","28,5","851","851","4,771127","0"
"07.05.2018 14:17:59","0","30,5","283","283","4,297656","0"
"07.05.2018 14:18:25","0","25","851","851","14,54429","0"
"07.05.2018 14:18:51","0","28,5","283","283","6,407491","0"
"07.05.2018 14:19:17","0","29","851","851","5,133049","0"
"07.05.2018 14:19:43","0","24","851","851","11,16764","0"
"07.05.2018 14:20:08","0","29","851","851","5,939329","0"
"07.05.2018 14:20:35","0","28","851","851","9,509725","0"
"07.05.2018 14:21:09","0","24","283","283","15,23722","0"
"07.05.2018 14:21:35","0","26","283","283","8,300493","0"
"07.05.2018 14:22:01","0","26","851","851","5,306035","0"
"07.05.2018 14:22:35","0","30,5","851","851","9,498487","0"
"07.05.2018 14:23:01","0","29","851","851","5,352645","0"
"07.05.2018 14:23:27","0","32","851","851","4,359319","0"
"07.05.2018 14:23:53","0","28","283","283","6,112341","0"
"07.05.2018 14:24:20","0","25,5","851","851","9,643767","0"
"07.05.2018 14:24:54","0","29","851","851","9,116528","0"
"07.05.2018 14:25:20","0","28","283","283","8,86918","0"
"07.05.2018 14:25:46","0","26","851","851","9,143195","0"
"07.05.2018 14:26:12","0","29,5","283","283","5,042453","0"
"07.05.2018 14:26:38","0","31,5","283","283","10,02248","0"
"07.05.2018 14:27:04","0","32","283","283","4,364498","0"
"07.05.2018 14:27:31","0","29,5","283","283","5,221029","0"
"07.05.2018 14:27:58","0","25,5","850","850","12,28447","0"
"07.05.2018 14:28:24","0","27","283","283","7,85294","0"
"07.05.2018 14:28:50","0","28","851","851","6,340654","0"
"07.05.2018 14:29:16","0","28","283","283","4,944941","0"
"07.05.2018 14:29:42","0","28","851","851","13,39954","0"
"07.05.2018 14:30:08","0","33","283","283","9,425353","0"
"07.05.2018 14:30:34","0","28","851","851","6,978997","0"
"07.05.2018 14:31:08","0","29,5","283","283","9,308969","0"
"07.05.2018 14:31:35","0","28,5","851","851","8,512881","0"
"07.05.2018 14:32:09","0","26,5","283","283","10,17977","0"
"07.05.2018 14:32:35","0","28,5","851","851","5,738793","0"
"07.05.2018 14:33:01","0","31,5","283","283","8,673419","0"
"07.05.2018 14:33:36","0","29","851","851","9,638471","0"
"07.05.2018 14:34:01","0","29","283","283","7,858752","0"
"07.05.2018 14:34:28","0","30","850","850","9,135158","0"
"07.05.2018 14:35:02","0","24","851","851","4,725614","0"
"07.05.2018 14:35:28","0","29,5","851","851","4,775571","0"
"07.05.2018 14:35:54","0","25","283","283","4,48592","0"
"07.05.2018 14:36:20","0","30,5","851","851","4,530784","0"
"07.05.2018 14:36:46","0","32","851","851","10,12005","0"
"07.05.2018 14:37:20","0","28","851","851","9,426847","0"
"07.05.2018 14:37:47","0","28,5","283","283","9,178998","0"
"07.05.2018 14:38:14","0","32","851","851","6,046633","0"
"07.05.2018 14:38:40","0","24","851","851","6,51715","0"
"07.05.2018 14:39:06","0","29","283","283","8,23915","0"
"07.05.2018 14:39:32","0","28,5","850","850","9,454827","0"
"07.05.2018 14:39:58","0","28","283","283","9,133864","0"
"07.05.2018 14:40:24","0","25,5","283","283","5,431973","0"
"07.05.2018 14:40:50","0","29,5","851","851","13,56573","0"
"07.05.2018 14:41:16","0","26,5","283","283","11,15189","0"
"07.05.2018 14:41:43","0","29,5","283","283","11,472","0"
"07.05.2018 14:42:09","0","27","283","283","8,751179","0"
"07.05.2018 14:42:35","0","31,5","851","851","11,25701","0"
"07.05.2018 14:43:01","0","24,5","283","283","5,030432","0"
"07.05.2018 14:43:27","0","28,5","283","283","9,274617","0"
"07.05.2018 14:43:53","0","29,5","851","851","9,428022","0"
"07.05.2018 14:44:19","0","24,5","851","851","10,49251","0"
"07.05.2018 14:44:45","0","29,5","283","283","5,630998","0"
"07.05.2018 14:45:11","0","24,5","283","283","9,494356","0"
"07.05.2018 14:45:37","0","36","283","283","8,208185","0"
"07.05.2018 14:46:03","0","28,5","851","851","4,678603","0"
"07.05.2018 14:46:29","0","29","283","283","8,617281","0"
"07.05.2018 14:46:56","0","23,5","851","851","9,792662","0"
"07.05.2018 14:47:22","0","24,5","283","283","10,17445","0"
"07.05.2018 14:47:48","0","25","283","283","7,86374","0"
"07.05.2018 14:48:22","0","30,5","851","851","6,374903","0"
"07.05.2018 14:48:48","0","23,5","284","284","15,77546","0"
"07.05.2018 14:49:14","0","28,5","283","283","5,944181","0"
"07.05.2018 14:49:40","0","28,5","851","851","7,001768","0"
"07.05.2018 14:50:06","0","31","851","851","5,844898","0"
"07.05.2018 14:50:32","0","25","852","852","9,714507","0"
"07.05.2018 14:50:59","0","29","850","850","9,385742","0"
"07.05.2018 14:51:25","0","29","851","851","9,730141","0"
"07.05.2018 14:51:51","0","25","851","851","4,459148","0"
"07.05.2018 14:52:17","0","29,5","851","851","7,631251","0"
"07.05.2018 14:52:43","0","24","283","283","8,049786","0"
"07.05.2018 14:53:09","0","31","283","283","6,45912","0"
"07.05.2018 14:53:35","0","23,5","851","851","5,28191","0"
"07.05.2018 14:54:01","0","28,5","283","283","6,103365","0"
"07.05.2018 14:54:27","0","29,5","851","851","4,701943","0"
"07.05.2018 14:54:53","0","28,5","851","851","4,613899","0"
"07.05.2018 14:55:20","0","32,5","283","283","9,607599","0"
"07.05.2018 14:55:46","0","29,5","283","283","7,980434","0"
"07.05.2018 14:56:12","0","30","851","851","5,376511","0"
"07.05.2018 14:56:38","0","25,5","851","851","7,082432","0"
"07.05.2018 14:57:04","0","29","851","851","7,785642","0"
"07.05.2018 14:57:30","0","29","283","283","11,36021","0"
"07.05.2018 14:57:56","0","24","283","283","5,237844","0"
"07.05.2018 14:58:22","0","23,5","283","283","4,717949","0"
"07.05.2018 14:58:48","0","29","850","850","10,37712","0"
"07.05.2018 14:59:15","0","31","851","851","7,648133","0"
"07.05.2018 14:59:49","0","30,5","851","851","5,008348","0"
"07.05.2018 15:00:15","0","26,5","284","284","10,33147","0"
"07.05.2018 15:00:41","0","25,5","851","851","9,488495","0"
"07.05.2018 15:01:07","0","31","283","283","10,43297","0"
"07.05.2018 15:01:33","0","26","283","283","6,171975","0"
"07.05.2018 15:01:59","0","24","283","283","8,216123","0"
"07.05.2018 15:02:25","0","29","851","851","4,563131","0"
"07.05.2018 15:02:51","0","24","851","851","9,819381","0"
"07.05.2018 15:03:17","0","28","851","851","5,202338","0"
"07.05.2018 15:03:44","0","29,5","283","283","9,615237","0"
"07.05.2018 15:04:10","0","29","851","851","5,250397","0"
"07.05.2018 15:04:36","0","31","851","851","9,668973","0"
"07.05.2018 15:05:02","0","25","851","851","6,09997","0"
"07.05.2018 15:05:28","0","24,5","851","851","5,489743","0"
"07.05.2018 15:05:54","0","25,5","851","851","4,436926","0"
"07.05.2018 15:06:20","0","24,5","850","850","11,5121","0"
"07.05.2018 15:06:46","0","23","283","283","7,814441","0"
"07.05.2018 15:07:12","0","27,5","851","851","2,940717","0"
"07.05.2018 15:07:38","0","24","851","851","3,842055","0"
"07.05.2018 15:08:04","0","28","851","851","8,525319","0"
"07.05.2018 15:08:31","0","23","851","851","6,495466","0"
"07.05.2018 15:08:57","0","29","851","851","6,540996","0"
"07.05.2018 15:09:39","0","26,5","851","851","5,912831","0"
"07.05.2018 15:10:06","0","23,5","283","283","5,644265","0"
"07.05.2018 15:10:41","0","25","283","283","5,745215","0"
"07.05.2018 15:11:07","0","28,5","851","851","4,230491","0"
"07.05.2018 15:11:33","0","30","283","283","7,112875","0"
"07.05.2018 15:11:59","0","28,5","283","283","3,227957","0"
"07.05.2018 15:12:25","0","28,5","283","283","4,912236","0"
"07.05.2018 15:12:51","0","24","283","283","7,033079","0"
"07.05.2018 15:13:17","0","30,5","283","283","6,2211","0"
"07.05.2018 15:13:43","0","31,5","283","283","6,653586","0"
"07.05.2018 15:14:09","0","24","283","283","9,572343","0"
"07.05.2018 15:14:35","0","24,5","851","851","9,037868","0"
"07.05.2018 15:15:02","0","32,5","851","851","4,891041","0"
"07.05.2018 15:15:28","0","24,5","283","283","7,188507","0"
"07.05.2018 15:15:54","0","23,5","283","283","8,848083","0"
"07.05.2018 15:16:20","0","28,5","283","283","7,957303","0"
"07.05.2018 15:16:46","0","24","283","283","11,74307","0"
"07.05.2018 15:17:12","0","24,5","851","851","5,231574","0"
"07.05.2018 15:17:38","0","30","283","283","18,80325","0"
"07.05.2018 15:18:04","0","30","851","851","8,331041","0"
"07.05.2018 15:18:30","0","27","283","283","8,301076","0"
"07.05.2018 15:18:56","0","28,5","283","283","6,216832","0"
"07.05.2018 15:19:22","0","31","283","283","4,580716","0"
"07.05.2018 15:19:49","0","28","851","851","8,4122","0"
"07.05.2018 15:20:15","0","26","283","283","7,267704","0"
"07.05.2018 15:20:41","0","23,5","851","851","4,921976","0"
"07.05.2018 15:21:07","0","28,5","851","851","7,557001","0"
"07.05.2018 15:21:33","0","29","283","283","2,34706","0"
"07.05.2018 15:21:59","0","24","283","283","6,752678","0"
"07.05.2018 15:22:25","0","29","283","283","7,132034","0"
"07.05.2018 15:22:51","0","30,5","283","283","5,101565","0"
"07.05.2018 15:23:18","0","30,5","851","851","4,508811","0"
"07.05.2018 15:23:44","0","24","283","283","7,697756","0"
"07.05.2018 15:24:10","0","29,5","283","283","9,146518","0"
"07.05.2018 15:24:36","0","29,5","283","283","3,791012","0"
"07.05.2018 15:25:02","0","28,5","283","283","6,693483","0"
"07.05.2018 15:25:29","0","27,5","851","851","3,031087","0"
"07.05.2018 15:25:55","0","31","283","283","6,097044","0"
"07.05.2018 15:26:21","0","28","283","283","6,269896","0"
"07.05.2018 15:26:47","0","24,5","283","283","9,26227","0"
"07.05.2018 15:27:14","0","25,5","283","283","4,427484","0"
"07.05.2018 15:27:40","0","29,5","283","283","5,900127","0"
"07.05.2018 15:28:06","0","28,5","283","283","7,4163","0"
"07.05.2018 15:28:32","0","27,5","283","283","6,628317","0"
"07.05.2018 15:28:58","0","28","851","851","8,106632","0"
"07.05.2018 15:29:24","0","28,5","283","283","8,73632","0"
"07.05.2018 15:29:50","0","29,5","851","851","10,42234","0"
"07.05.2018 15:30:16","0","23","851","851","4,586598","0"
"07.05.2018 15:30:42","0","28","851","851","3,795809","0"
"07.05.2018 15:31:09","0","27,5","850","850","6,960492","0"
"07.05.2018 15:31:35","0","23,5","283","283","7,135329","0"
"07.05.2018 15:32:01","0","27,5","283","283","4,394012","0"
"07.05.2018 15:32:27","0","22,5","851","851","7,304165","0"
"07.05.2018 15:32:53","0","28","850","850","6,726417","0"
"07.05.2018 15:33:19","0","27","851","851","2,694927","0"
"07.05.2018 15:33:45","0","28","851","851","8,900842","0"
"07.05.2018 15:34:11","0","23","283","283","7,835797","0"
"07.05.2018 15:34:37","0","30","283","283","5,309049","0"
"07.05.2018 15:35:03","0","27,5","851","851","2,308959","0"
"07.05.2018 15:35:29","0","24,5","851","851","3,217959","0"
"07.05.2018 15:35:56","0","23,5","851","851","4,589808","0"
"07.05.2018 15:36:22","0","30,5","283","283","3,683033","0"
"07.05.2018 15:36:48","0","24","851","851","8,231171","0"
"07.05.2018 15:37:14","0","25,5","851","851","8,959335","0"
"07.05.2018 15:37:40","0","24,5","851","851","5,084451","0"
"07.05.2018 15:38:06","0","23,5","851","851","5,53868","0"
"07.05.2018 15:38:32","0","23","284","284","6,368362","0"
"07.05.2018 15:38:58","0","28","283","283","6,737178","0"
"07.05.2018 15:39:24","0","29,5","283","283","7,899594","0"
"07.05.2018 15:39:50","0","25,5","851","851","5,122518","0"
"07.05.2018 15:40:16","0","23,5","851","851","7,430857","0"
"07.05.2018 15:40:43","0","29,5","283","283","7,965213","0"
"07.05.2018 15:41:09","0","29","283","283","4,003987","0"
"07.05.2018 15:41:35","0","28,5","851","851","4,510958","0"
"07.05.2018 15:42:01","0","24","283","283","9,463738","0"
"07.05.2018 15:42:27","0","24","851","851","7,072794","0"
"07.05.2018 15:42:53","0","28","851","851","6,986785","0"
"07.05.2018 15:43:19","0","27,5","283","283","6,05681","0"
"07.05.2018 15:43:45","0","28,5","283","283","17,35804","0"
"07.05.2018 15:44:11","0","25","283","283","2,669173","0"
"07.05.2018 15:44:37","0","25,5","283","283","4,878739","0"
"07.05.2018 15:45:03","0","30","851","851","4,204192","0"
"07.05.2018 15:45:30","0","127,5","283","283","160,8774","0"
"07.05.2018 15:45:56","0","51","283","283","134,0293","0"
"07.05.2018 15:46:22","0","38,5","851","851","163,1135","0"
"07.05.2018 15:46:49","0","32,5","283","283","117,2626","0"
"07.05.2018 15:47:15","0","33","851","851","9,819869","0"
"07.05.2018 15:47:41","0","32,5","283","283","10,81236","0"
"07.05.2018 15:48:07","0","27,5","283","283","42,10234","0"
"07.05.2018 15:48:33","0","35,5","283","283","91,91097","0"
"07.05.2018 15:49:00","0","40","851","851","51,50547","0"
"07.05.2018 15:49:25","0","33,5","850","850","46,14681","0"
"07.05.2018 15:49:52","0","28,5","851","851","13,55226","0"
"07.05.2018 15:50:18","0","121","283","283","214,1579","0"
"07.05.2018 15:50:44","0","24,5","851","851","37,65171","0"
"07.05.2018 15:51:10","0","27,5","851","851","9,509254","0"
"07.05.2018 15:51:36","0","27,5","851","851","6,159901","0"
"07.05.2018 15:52:02","0","29,5","283","283","24,03907","0"
"07.05.2018 15:52:28","0","29","283","283","5,811829","0"
"07.05.2018 15:52:54","0","24","283","283","9,898624","0"
"07.05.2018 15:53:21","0","28,5","284","284","7,837965","0"
"07.05.2018 15:53:46","0","23,5","283","283","8,821989","0"
"07.05.2018 15:54:13","0","26,5","283","283","5,177831","0"
"07.05.2018 15:54:39","0","26,5","283","283","8,234472","0"
"07.05.2018 15:55:05","0","23,5","283","283","8,024996","0"
"07.05.2018 15:55:32","0","28","851","851","4,824717","0"
"07.05.2018 15:55:58","0","30","851","851","3,978268","0"
"07.05.2018 15:56:32","0","28,5","850","850","7,529568","0"
"07.05.2018 15:56:58","0","23,5","851","851","7,313633","0"
"07.05.2018 15:57:25","0","23,5","851","851","7,688242","0"
"07.05.2018 15:57:51","0","28","283","283","4,69165","0"
"07.05.2018 15:58:18","0","30","852","852","5,008898","0"
"07.05.2018 15:58:44","0","25","851","851","7,61914","0"
"07.05.2018 15:59:10","0","28","284","284","6,254455","0"
"07.05.2018 15:59:36","0","24","851","851","8,854203","0"
"07.05.2018 16:00:02","0","23,5","851","851","6,62812","0"
"07.05.2018 16:00:28","0","28","851","851","3,061314","0"
"07.05.2018 16:01:02","0","29,5","283","283","8,423784","0"
"07.05.2018 16:01:29","0","27,5","851","851","5,454599","0"
"07.05.2018 16:01:55","0","27,5","851","851","4,515294","0"
"07.05.2018 16:02:21","0","27,5","850","850","4,899143","0"
"07.05.2018 16:02:47","0","27,5","283","283","4,086657","0"
"07.05.2018 16:03:13","0","23,5","851","851","4,168889","0"
"07.05.2018 16:03:39","0","28","851","851","3,562082","0"
"07.05.2018 16:04:05","0","23","283","283","5,41188","0"
"07.05.2018 16:04:31","0","23","283","283","5,558734","0"
"07.05.2018 16:04:57","0","28","283","283","2,674563","0"
"07.05.2018 16:05:23","0","24,5","283","283","7,042929","0"
"07.05.2018 16:05:50","0","22,5","851","851","4,62346","0"
"07.05.2018 16:06:33","0","24,5","851","851","6,9905","0"
"07.05.2018 16:06:59","0","29,5","283","283","5,018197","0"
"07.05.2018 16:07:25","0","27,5","851","851","8,842254","0"
"07.05.2018 16:07:51","0","23","851","851","8,443798","0"
"07.05.2018 16:08:17","0","24","283","283","2,751447","0"
"07.05.2018 16:08:43","0","31","283","283","7,410757","0"
"07.05.2018 16:09:09","0","27,5","283","283","6,150319","0"
"07.05.2018 16:09:35","0","28","851","851","5,44192","0"
"07.05.2018 16:10:10","0","27,5","851","851","1,825821","0"
"07.05.2018 16:10:36","0","26,5","283","283","2,170426","0"
"07.05.2018 16:11:02","0","23,5","851","851","6,967316","0"
"07.05.2018 16:11:28","0","24,5","851","851","5,607082","0"
"07.05.2018 16:11:54","0","24","283","283","6,974664","0"
"07.05.2018 16:12:20","0","23","851","851","5,399719","0"
"07.05.2018 16:12:46","0","30","851","851","6,689381","0"
"07.05.2018 16:13:12","0","27","283","283","3,21038","0"
"07.05.2018 16:13:38","0","25","283","283","7,362481","0"
"07.05.2018 16:14:04","0","23","851","851","7,348346","0"
"07.05.2018 16:14:30","0","25","283","283","5,304548","0"
"07.05.2018 16:14:56","0","27,5","283","283","4,904863","0"
"07.05.2018 16:15:23","0","29","283","283","18,84555","0"
"07.05.2018 16:15:48","0","28","851","851","8,044935","0"
"07.05.2018 16:16:15","0","25","851","851","6,646878","0"
"07.05.2018 16:16:41","0","25,5","283","283","4,409485","0"
"07.05.2018 16:17:07","0","25","851","851","6,190543","0"
"07.05.2018 16:17:33","0","31,5","283","283","2,860246","0"
"07.05.2018 16:17:59","0","29,5","283","283","5,990116","0"
"07.05.2018 16:18:25","0","23","852","852","7,171928","0"
"07.05.2018 16:18:51","0","23","283","283","9,471491","0"
"07.05.2018 16:19:17","0","30","283","283","5,949383","0"
"07.05.2018 16:19:43","0","28","283","283","5,098033","0"
"07.05.2018 16:20:09","0","27,5","851","851","5,149576","0"
"07.05.2018 16:20:35","0","23","283","283","5,166248","0"
"07.05.2018 16:21:02","0","23","283","283","2,14948","0"
"07.05.2018 16:21:28","0","24,5","851","851","6,298637","0"
"07.05.2018 16:21:54","0","23","283","283","7,590728","0"
"07.05.2018 16:22:20","0","25","283","283","2,719298","0"
"07.05.2018 16:22:46","0","27,5","851","851","8,271884","0"
"07.05.2018 16:23:12","0","24,5","851","851","6,131001","0"
"07.05.2018 16:23:38","0","28","851","851","6,996344","0"
"07.05.2018 16:24:04","0","25,5","851","851","6,463078","0"
"07.05.2018 16:24:30","0","31","850","850","6,97118","0"
"07.05.2018 16:24:56","0","27,5","283","283","1,702283","0"
"07.05.2018 16:25:22","0","29,5","283","283","3,486917","0"
"07.05.2018 16:25:48","0","29,5","851","851","5,081015","0"
"07.05.2018 16:26:14","0","28","851","851","4,788762","0"
"07.05.2018 16:26:41","0","31,5","850","850","5,670803","0"
"07.05.2018 16:27:07","0","28","851","851","5,751277","0"
"07.05.2018 16:27:33","0","29,5","851","851","6,337091","0"
"07.05.2018 16:28:07","0","30","851","851","2,322017","0"
"07.05.2018 16:28:41","0","28","851","851","6,380041","0"
"07.05.2018 16:29:07","0","27,5","283","283","4,475519","0"
"07.05.2018 16:29:33","0","27,5","283","283","4,62802","0"
"07.05.2018 16:29:59","0","23","283","283","2,242272","0"
"07.05.2018 16:30:25","0","28,5","851","851","4,081955","0"
"07.05.2018 16:30:52","0","23","851","851","3,719526","0"
"07.05.2018 16:31:18","0","25","851","851","3,094482","0"
"07.05.2018 16:31:44","0","27,5","283","283","3,56494","0"
"07.05.2018 16:32:10","0","23","851","851","4,177536","0"
"07.05.2018 16:32:36","0","30","851","851","8,190456","0"
"07.05.2018 16:33:10","0","23","283","283","4,516923","0"
"07.05.2018 16:33:36","0","29,5","851","851","3,682645","0"
"07.05.2018 16:34:02","0","28","283","283","6,245691","0"
"07.05.2018 16:34:28","0","27,5","850","850","1,866803","0"
"07.05.2018 16:34:54","0","23,5","283","283","7,1137","0"
"07.05.2018 16:35:20","0","28","283","283","5,610972","0"
"07.05.2018 16:35:47","0","27,5","283","283","7,181547","0"
"07.05.2018 16:36:13","0","25,5","283","283","1,784037","0"
"07.05.2018 16:36:39","0","29,5","283","283","5,556748","0"
"07.05.2018 16:37:05","0","22,5","283","283","5,782041","0"
"07.05.2018 16:37:31","0","25","283","283","4,546764","0"
"07.05.2018 16:37:57","0","27,5","851","851","2,134073","0"
"07.05.2018 16:38:23","0","27,5","851","851","3,747132","0"
"07.05.2018 16:38:49","0","29,5","283","283","7,108109","0"
"07.05.2018 16:39:15","0","29,5","851","851","1,974807","0"
"07.05.2018 16:39:49","0","27,5","851","851","7,427581","0"
"07.05.2018 16:40:15","0","27,5","851","851","2,523205","0"
"07.05.2018 16:40:42","0","27,5","283","283","12,02284","0"
"07.05.2018 16:41:08","0","23","283","283","2,431546","0"
"07.05.2018 16:41:34","0","27,5","283","283","4,831419","0"
"07.05.2018 16:42:00","0","27,5","851","851","6,932626","0"
"07.05.2018 16:42:26","0","24,5","283","283","6,427716","0"
"07.05.2018 16:42:52","0","27,5","851","851","7,23802","0"
"07.05.2018 16:43:18","0","22,5","283","283","7,404015","0"
"07.05.2018 16:43:44","0","28","283","283","7,339994","0"
"07.05.2018 16:44:18","0","27","283","283","3,234285","0"
"07.05.2018 16:44:44","0","28","283","283","7,576679","0"
"07.05.2018 16:45:10","0","25","851","851","5,726129","0"
"07.05.2018 16:45:37","0","27,5","283","283","6,678335","0"
"07.05.2018 16:46:10","0","29,5","283","283","5,14247","0"
"07.05.2018 16:46:36","0","24,5","850","850","10,58546","0"
"07.05.2018 16:47:02","0","24","851","851","6,811011","0"
"07.05.2018 16:47:28","0","23","283","283","7,555467","0"
"07.05.2018 16:47:54","0","23","283","283","7,13316","0"
"07.05.2018 16:48:20","0","28","851","851","5,82196","0"
"07.05.2018 16:48:54","0","28","283","283","3,486935","0"
"07.05.2018 16:49:20","0","24,5","283","283","2,398744","0"
"07.05.2018 16:49:46","0","28","851","851","8,607533","0"
"07.05.2018 16:50:13","0","28,5","283","283","4,840654","0"
"07.05.2018 16:50:39","0","28","283","283","5,96923","0"
"07.05.2018 16:51:05","0","24","283","283","5,114562","0"
"07.05.2018 16:51:31","0","24","851","851","6,819263","0"
"07.05.2018 16:51:57","0","24","283","283","5,092546","0"
"07.05.2018 16:52:23","0","24","283","283","7,485765","0"
"07.05.2018 16:52:49","0","28","283","283","15,00476","0"
"07.05.2018 16:53:15","0","24,5","851","851","7,780363","0"
"07.05.2018 16:53:41","0","25,5","851","851","9,281818","0"
"07.05.2018 16:54:07","0","28","283","283","2,830724","0"
"07.05.2018 16:54:33","0","26,5","851","851","4,070439","0"
"07.05.2018 16:55:08","0","29,5","283","283","7,996669","0"
"07.05.2018 16:55:34","0","28,5","851","851","5,220677","0"
"07.05.2018 16:56:00","0","25","851","851","12,36721","0"
"07.05.2018 16:56:26","0","28,5","851","851","7,120795","0"
"07.05.2018 16:56:52","0","26,5","851","851","6,591485","0"
"07.05.2018 16:57:18","0","27,5","283","283","7,412333","0"
"07.05.2018 16:57:44","0","24,5","851","851","10,81673","0"
"07.05.2018 16:58:10","0","28","283","283","17,01993","0"
"07.05.2018 16:58:36","0","30","851","851","7,430034","0"
"07.05.2018 16:59:03","0","29,5","851","851","7,843496","0"
"07.05.2018 16:59:29","0","23,5","851","851","7,721101","0"
"07.05.2018 16:59:55","0","23,5","851","851","5,612039","0"
"07.05.2018 17:00:21","0","24,5","283","283","2,576093","0"
"07.05.2018 17:00:47","0","23,5","851","851","9,053515","0"
"07.05.2018 17:01:13","0","32","851","851","2,463538","0"
"07.05.2018 17:01:47","0","25","283","283","20,66521","0"
"07.05.2018 17:02:21","0","27,5","283","283","6,336713","0"
"07.05.2018 17:02:47","0","23,5","850","850","7,794481","0"
"07.05.2018 17:03:13","0","22,5","851","851","6,755569","0"
"07.05.2018 17:03:49","0","27,5","283","283","7,544383","0"
"07.05.2018 17:04:15","0","27,5","283","283","14,14764","0"
"07.05.2018 17:04:41","0","23,5","283","283","5,036331","0"
"07.05.2018 17:05:07","0","27,5","283","283","6,141561","0"
"07.05.2018 17:05:41","0","32,5","851","851","2,812316","0"
"07.05.2018 17:06:07","0","23,5","284","284","8,885709","0"
"07.05.2018 17:06:33","0","23","851","851","7,006409","0"
"07.05.2018 17:07:00","0","29,5","283","283","7,18212","0"
"07.05.2018 17:07:26","0","22,5","851","851","2,685889","0"
"07.05.2018 17:07:52","0","28,5","851","851","7,696764","0"
"07.05.2018 17:08:18","0","27,5","283","283","2,307546","0"
"07.05.2018 17:08:44","0","29,5","851","851","6,075035","0"
"07.05.2018 17:09:10","0","25","283","283","3,320378","0"
"07.05.2018 17:09:36","0","30,5","283","283","7,169317","0"
"07.05.2018 17:10:02","0","23,5","851","851","3,852669","0"
"07.05.2018 17:10:29","0","23,5","851","851","7,663541","0"
"07.05.2018 17:10:55","0","27,5","283","283","3,344392","0"
"07.05.2018 17:11:21","0","24,5","283","283","7,551349","0"
"07.05.2018 17:11:47","0","27,5","283","283","8,23381","0"
"07.05.2018 17:12:13","0","30","851","851","2,106245","0"
"07.05.2018 17:12:39","0","29,5","851","851","6,857877","0"
"07.05.2018 17:13:05","0","22,5","851","851","6,992124","0"
"07.05.2018 17:13:31","0","27,5","283","283","4,900542","0"
"07.05.2018 17:13:57","0","23","283","283","7,412787","0"
"07.05.2018 17:14:23","0","30","283","283","3,409489","0"
"07.05.2018 17:14:50","0","24,5","283","283","8,623813","0"
"07.05.2018 17:15:16","0","27,5","851","851","6,238405","0"
"07.05.2018 17:15:42","0","28","851","851","6,526629","0"
"07.05.2018 17:16:08","0","24,5","851","851","6,66648","0"
"07.05.2018 17:16:34","0","27,5","851","851","6,194806","0"
"07.05.2018 17:17:00","0","24","850","850","7,004927","0"
"07.05.2018 17:17:26","0","23","283","283","6,174155","0"
"07.05.2018 17:17:52","0","23","851","851","8,020126","0"
"07.05.2018 17:18:18","0","23","851","851","7,241541","0"
"07.05.2018 17:18:44","0","24,5","283","283","6,892262","0"
"07.05.2018 17:19:10","0","24,5","851","851","1,653078","0"
"07.05.2018 17:19:36","0","24,5","283","283","6,780857","0"
"07.05.2018 17:20:02","0","23","283","283","4,538592","0"
"07.05.2018 17:20:29","0","28","283","283","6,351206","0"
"07.05.2018 17:20:55","0","24,5","851","851","7,960161","0"
"07.05.2018 17:21:21","0","27,5","283","283","5,446939","0"
"07.05.2018 17:21:47","0","28","851","851","6,920019","0"
"07.05.2018 17:22:13","0","24","851","851","3,229255","0"
"07.05.2018 17:22:39","0","27,5","851","851","3,088375","0"
"07.05.2018 17:23:05","0","24,5","851","851","5,158405","0"
"07.05.2018 17:23:31","0","24,5","851","851","7,581215","0"
"07.05.2018 17:23:57","0","29,5","283","283","5,316783","0"
"07.05.2018 17:24:23","0","25,5","283","283","3,905875","0"
"07.05.2018 17:24:49","0","23,5","283","283","5,784824","0"
"07.05.2018 17:25:15","0","23","283","283","4,853256","0"
"07.05.2018 17:25:42","0","28","284","284","4,711636","0"
"07.05.2018 17:26:08","0","28","851","851","7,003736","0"
"07.05.2018 17:26:34","0","22,5","283","283","4,183105","0"
"07.05.2018 17:27:00","0","23","283","283","5,296301","0"
"07.05.2018 17:27:26","0","27,5","283","283","3,112024","0"
"07.05.2018 17:27:52","0","27,5","283","283","3,823252","0"
"07.05.2018 17:28:18","0","25","283","283","7,076736","0"
"07.05.2018 17:28:44","0","23","850","850","8,295343","0"
"07.05.2018 17:29:10","0","28","284","284","7,607682","0"
"07.05.2018 17:29:36","0","23,5","851","851","7,292108","0"
"07.05.2018 17:30:03","0","24,5","283","283","8,020008","0"
"07.05.2018 17:30:37","0","23","851","851","5,658484","0"
"07.05.2018 17:31:03","0","25","283","283","6,989476","0"
"07.05.2018 17:31:37","0","30","283","283","3,65474","0"
"07.05.2018 17:32:11","0","29,5","283","283","2,306399","0"
"07.05.2018 17:32:37","0","25","283","283","5,341877","0"
"07.05.2018 17:33:03","0","29,5","851","851","7,592606","0"
"07.05.2018 17:33:30","0","27,5","283","283","5,186094","0"
"07.05.2018 17:33:56","0","23","851","851","7,381712","0"
"07.05.2018 17:34:30","0","27,5","851","851","6,017861","0"
"07.05.2018 17:34:56","0","23","283","283","9,066256","0"
"07.05.2018 17:35:22","0","29,5","283","283","2,931382","0"
"07.05.2018 17:35:48","0","26","851","851","6,841074","0"
"07.05.2018 17:36:14","0","23","283","283","3,708963","0"
"07.05.2018 17:36:48","0","32","283","283","6,973603","0"
"07.05.2018 17:37:14","0","23","283","283","4,382971","0"
"07.05.2018 17:37:49","0","30","283","283","7,596126","0"
"07.05.2018 17:38:15","0","31","283","283","2,345264","0"
"07.05.2018 17:38:41","0","23,5","283","283","5,48367","0"
"07.05.2018 17:39:15","0","22,5","851","851","3,269354","0"
"07.05.2018 17:39:41","0","24","283","283","8,550803","0"
"07.05.2018 17:40:07","0","30","283","283","6,66286","0"
"07.05.2018 17:40:33","0","25","283","283","7,301394","0"
"07.05.2018 17:41:00","0","28","850","850","7,6214","0"
"07.05.2018 17:41:26","0","23","851","851","7,221577","0"
"07.05.2018 17:41:52","0","25","851","851","3,038509","0"
"07.05.2018 17:42:18","0","25","283","283","6,31153","0"
"07.05.2018 17:42:44","0","30","851","851","4,114989","0"
"07.05.2018 17:43:10","0","28","283","283","6,777232","0"
"07.05.2018 17:43:36","0","27,5","851","851","6,883128","0"
"07.05.2018 17:44:02","0","24,5","851","851","6,695396","0"
"07.05.2018 17:44:28","0","27,5","851","851","2,709786","0"
"07.05.2018 17:44:54","0","30","283","283","7,568448","0"
"07.05.2018 17:45:20","0","28","851","851","9,261197","0"
"07.05.2018 17:45:47","0","27,5","851","851","2,786913","0"
"07.05.2018 17:46:13","0","27,5","283","283","4,851486","0"
"07.05.2018 17:46:39","0","33,5","283","283","5,527238","0"
"07.05.2018 17:47:05","0","27,5","283","283","1,401701","0"
"07.05.2018 17:47:31","0","23","283","283","6,64774","0"
"07.05.2018 17:47:57","0","29,5","283","283","7,165404","0"
"07.05.2018 17:48:31","0","27,5","851","851","7,420587","0"
"07.05.2018 17:48:57","0","23","283","283","6,597837","0"
"07.05.2018 17:49:23","0","22,5","851","851","7,194701","0"
"07.05.2018 17:49:49","0","23","283","283","6,028352","0"
"07.05.2018 17:50:24","0","23","283","283","6,830589","0"
"07.05.2018 17:50:50","0","28","851","851","2,684865","0"
"07.05.2018 17:51:16","0","23","283","283","6,910516","0"
"07.05.2018 17:51:42","0","28","851","851","5,369455","0"
"07.05.2018 17:52:16","0","26","851","851","7,9612","0"
"07.05.2018 17:52:42","0","29,5","851","851","7,640985","0"
"07.05.2018 17:53:09","0","27,5","851","851","2,449374","0"
"07.05.2018 17:53:35","0","28","851","851","2,174187","0"
"07.05.2018 17:54:01","0","28","851","851","2,638022","0"
"07.05.2018 17:54:27","0","27,5","283","283","2,660565","0"
"07.05.2018 17:54:53","0","28,5","850","850","7,385252","0"
"07.05.2018 17:55:19","0","30","283","283","2,447275","0"
"07.05.2018 17:55:45","0","25","283","283","3,444683","0"
"07.05.2018 17:56:11","0","27,5","851","851","2,894624","0"
"07.05.2018 17:56:45","0","25,5","283","283","4,888036","0"
"07.05.2018 17:57:19","0","23","283","283","6,436407","0"
"07.05.2018 17:57:46","0","24,5","851","851","2,841116","0"
"07.05.2018 17:58:12","0","23","851","851","4,9107","0"
"07.05.2018 17:58:38","0","22,5","283","283","1,506431","0"
"07.05.2018 17:59:04","0","27,5","850","850","6,056178","0"
"07.05.2018 17:59:30","0","27,5","283","283","2,192667","0"
"07.05.2018 17:59:56","0","27,5","283","283","7,139434","0"
"07.05.2018 18:00:22","0","27,5","851","851","6,270126","0"
"07.05.2018 18:00:48","0","25","283","283","7,631224","0"
"07.05.2018 18:01:14","0","23","851","851","6,075991","0"
"07.05.2018 18:01:40","0","27,5","283","283","6,917524","0"
"07.05.2018 18:02:06","0","24,5","851","851","6,771347","0"
"07.05.2018 18:02:32","0","27,5","283","283","7,129044","0"
"07.05.2018 18:02:59","0","23","851","851","2,813932","0"
"07.05.2018 18:03:25","0","27,5","851","851","3,554996","0"
"07.05.2018 18:03:59","0","23,5","851","851","3,047636","0"
"07.05.2018 18:04:25","0","27,5","283","283","6,506231","0"
"07.05.2018 18:04:51","0","25,5","283","283","14,51447","0"
"07.05.2018 18:05:17","0","26,5","283","283","6,344651","0"
"07.05.2018 18:05:43","0","23,5","283","283","5,893165","0"
"07.05.2018 18:06:09","0","29,5","851","851","6,671236","0"
"07.05.2018 18:06:35","0","29","283","283","7,086802","0"
"07.05.2018 18:07:02","0","23","283","283","7,052647","0"
"07.05.2018 18:07:36","0","23","851","851","2,011946","0"
"07.05.2018 18:08:02","0","29,5","851","851","3,498343","0"
"07.05.2018 18:08:28","0","24","850","850","6,826931","0"
"07.05.2018 18:08:54","0","29","283","283","6,236208","0"
"07.05.2018 18:09:20","0","25","851","851","7,843572","0"
"07.05.2018 18:09:46","0","31","284","284","6,733996","0"
"07.05.2018 18:10:12","0","27,5","851","851","6,554366","0"
"07.05.2018 18:10:38","0","29,5","283","283","2,687801","0"
"07.05.2018 18:11:05","0","27,5","851","851","6,791885","0"
"07.05.2018 18:11:31","0","27,5","283","283","2,333797","0"
"07.05.2018 18:11:57","0","27,5","851","851","5,53003","0"
"07.05.2018 18:12:23","0","28","283","283","3,245457","0"
"07.05.2018 18:12:57","0","27,5","851","851","2,786174","0"
"07.05.2018 18:13:23","0","27,5","851","851","2,411466","0"
"07.05.2018 18:13:49","0","23","283","283","7,231517","0"
"07.05.2018 18:14:15","0","27,5","283","283","6,546712","0"
"07.05.2018 18:14:41","0","28","851","851","5,748913","0"
"07.05.2018 18:15:07","0","24,5","283","283","6,069426","0"
"07.05.2018 18:15:33","0","23","851","851","4,901755","0"
"07.05.2018 18:16:00","0","27,5","283","283","6,903746","0"
"07.05.2018 18:16:26","0","30","283","283","5,85732","0"
"07.05.2018 18:16:52","0","29,5","283","283","7,92261","0"
"07.05.2018 18:17:18","0","30","283","283","6,045225","0"
"07.05.2018 18:17:44","0","27,5","283","283","6,175436","0"
"07.05.2018 18:18:10","0","24,5","851","851","2,540176","0"
"07.05.2018 18:18:44","0","24,5","851","851","6,898604","0"
"07.05.2018 18:19:10","0","25","283","283","6,022685","0"
"07.05.2018 18:19:37","0","24","283","283","2,199936","0"
"07.05.2018 18:20:02","0","27,5","851","851","6,215272","0"
"07.05.2018 18:20:29","0","28,5","283","283","6,59954","0"
"07.05.2018 18:21:03","0","29,5","851","851","1,968619","0"
"07.05.2018 18:21:29","0","24,5","851","851","4,069464","0"
"07.05.2018 18:21:55","0","25","283","283","7,539573","0"
"07.05.2018 18:22:21","0","27,5","283","283","7,648949","0"
"07.05.2018 18:22:47","0","24","851","851","6,802109","0"
"07.05.2018 18:23:13","0","24,5","283","283","6,519731","0"
"07.05.2018 18:23:39","0","31,5","283","283","8,237506","0"
"07.05.2018 18:24:05","0","29","851","851","7,288852","0"
"07.05.2018 18:24:31","0","28,5","283","283","5,539401","0"
"07.05.2018 18:25:06","0","24","283","283","6,162274","0"
"07.05.2018 18:25:32","0","30,5","851","851","3,73021","0"
"07.05.2018 18:25:58","0","29","283","283","6,034763","0"
"07.05.2018 18:26:24","0","28,5","851","851","3,360075","0"
"07.05.2018 18:26:50","0","23","283","283","7,302686","0"
"07.05.2018 18:27:16","0","23","283","283","5,571093","0"
"07.05.2018 18:27:42","0","24,5","851","851","3,637678","0"
"07.05.2018 18:28:08","0","24,5","851","851","5,468782","0"
"07.05.2018 18:28:34","0","27,5","283","283","7,883328","0"
"07.05.2018 18:29:00","0","23,5","283","283","8,437963","0"
"07.05.2018 18:29:27","0","23,5","851","851","4,997756","0"
"07.05.2018 18:29:53","0","23","851","851","3,910501","0"
"07.05.2018 18:30:19","0","29,5","283","283","6,034365","0"
"07.05.2018 18:30:45","0","23","851","851","8,820478","0"
"07.05.2018 18:31:11","0","27,5","851","851","6,890222","0"
"07.05.2018 18:31:37","0","25","283","283","3,674435","0"
"07.05.2018 18:32:03","0","22,5","850","850","6,925391","0"
"07.05.2018 18:32:29","0","25","851","851","6,948357","0"
"07.05.2018 18:32:55","0","25,5","851","851","9,192039","0"
"07.05.2018 18:33:30","0","24","851","851","6,743511","0"
"07.05.2018 18:33:56","0","24,5","851","851","8,753276","0"
"07.05.2018 18:34:22","0","29,5","851","851","7,392403","0"
"07.05.2018 18:34:48","0","27,5","283","283","6,72333","0"
"07.05.2018 18:35:14","0","29","283","283","6,359597","0"
"07.05.2018 18:35:40","0","23,5","851","851","7,041533","0"
"07.05.2018 18:36:06","0","27,5","851","851","2,647227","0"
"07.05.2018 18:36:32","0","23","283","283","4,578083","0"
"07.05.2018 18:36:58","0","28,5","283","283","7,401629","0"
"07.05.2018 18:37:24","0","22,5","851","851","3,032341","0"
"07.05.2018 18:37:50","0","23","283","283","4,412047","0"
"07.05.2018 18:38:16","0","23,5","283","283","7,225634","0"
"07.05.2018 18:38:42","0","23","283","283","6,919774","0"
"07.05.2018 18:39:09","0","24,5","283","283","8,895336","0"
"07.05.2018 18:39:35","0","23,5","283","283","6,454649","0"
"07.05.2018 18:40:01","0","23","851","851","7,973214","0"
"07.05.2018 18:40:27","0","23","851","851","7,841679","0"
"07.05.2018 18:40:53","0","29,5","851","851","3,066681","0"
"07.05.2018 18:41:19","0","23","283","283","5,896932","0"
"07.05.2018 18:41:45","0","27,5","851","851","7,428115","0"
"07.05.2018 18:42:11","0","27,5","283","283","6,231747","0"
"07.05.2018 18:42:37","0","27,5","851","851","5,508164","0"
"07.05.2018 18:43:03","0","25,5","851","851","7,894042","0"
"07.05.2018 18:43:29","0","23,5","852","852","3,763731","0"
"07.05.2018 18:43:56","0","28,5","851","851","7,651934","0"
"07.05.2018 18:44:25","0","24","851","851","6,061771","0"
"07.05.2018 18:44:54","0","28,5","851","851","9,39476","0"
"07.05.2018 18:45:21","0","24,5","283","283","4,672817","0"
"07.05.2018 18:45:48","0","23,5","851","851","8,717971","0"
"07.05.2018 18:46:15","0","28","851","851","6,569315","0"
"07.05.2018 18:46:44","0","23,5","850","850","11,51649","0"
"07.05.2018 18:47:11","0","29,5","283","283","4,380834","0"
"07.05.2018 18:47:37","0","22,5","851","851","9,851906","0"
"07.05.2018 18:48:04","0","28,5","851","851","7,816658","0"
"07.05.2018 18:48:31","0","29","851","851","8,500803","0"
"07.05.2018 18:48:57","0","23","851","851","8,056678","0"
"07.05.2018 18:49:25","0","28","283","283","6,142906","0"
"07.05.2018 18:49:51","0","25,5","284","284","9,962592","0"
"07.05.2018 18:50:18","0","23","851","851","7,30574","0"
"07.05.2018 18:50:44","0","28,5","852","852","9,329708","0"
"07.05.2018 18:51:14","0","28","851","851","3,706994","0"
"07.05.2018 18:51:41","0","30","283","283","6,799262","0"
"07.05.2018 18:52:07","0","27,5","850","850","1,848017","0"
"07.05.2018 18:52:34","0","23,5","283","283","8,259237","0"
"07.05.2018 18:53:01","0","24","851","851","8,697596","0"
"07.05.2018 18:53:27","0","28","851","851","7,491597","0"
"07.05.2018 18:53:54","0","28","283","283","6,846781","0"
"07.05.2018 18:54:20","0","27,5","283","283","2,673052","0"
"07.05.2018 18:54:46","0","29","283","283","6,640251","0"
"07.05.2018 18:55:13","0","23","283","283","6,582432","0"
"07.05.2018 18:55:39","0","28,5","283","283","5,540909","0"
"07.05.2018 18:56:05","0","28,5","851","851","7,945338","0"
"07.05.2018 18:56:32","0","28","283","283","4,50344","0"
"07.05.2018 18:56:58","0","28","283","283","13,96287","0"
"07.05.2018 18:57:24","0","29","283","283","11,03088","0"
"07.05.2018 18:57:50","0","24","283","283","8,846213","0"
"07.05.2018 18:58:17","0","27,5","851","851","2,950711","0"
"07.05.2018 18:58:47","0","28","283","283","2,841797","0"
"07.05.2018 18:59:13","0","23","851","851","2,58298","0"
"07.05.2018 18:59:40","0","24,5","284","284","8,095438","0"
"07.05.2018 19:00:06","0","25","851","851","8,482127","0"
"07.05.2018 19:00:33","0","29","283","283","3,153425","0"
"07.05.2018 19:00:59","0","27,5","851","851","9,250525","0"
"07.05.2018 19:01:27","0","29","851","851","6,118093","0"
"07.05.2018 19:01:53","0","27,5","283","283","5,000816","0"
"07.05.2018 19:02:19","0","27,5","283","283","7,481332","0"
"07.05.2018 19:02:45","0","23","283","283","3,064146","0"
"07.05.2018 19:03:12","0","29","283","283","6,286356","0"
"07.05.2018 19:03:38","0","23,5","283","283","6,401154","0"
"07.05.2018 19:04:05","0","27,5","283","283","6,491852","0"
"07.05.2018 19:04:31","0","23,5","851","851","6,495862","0"
"07.05.2018 19:04:57","0","28,5","850","850","8,065683","0"
"07.05.2018 19:05:23","0","23","851","851","4,068792","0"
"07.05.2018 19:05:50","0","23","851","851","8,031741","0"
"07.05.2018 19:06:19","0","28","851","851","2,910513","0"
"07.05.2018 19:06:49","0","28","283","283","7,565387","0"
"07.05.2018 19:07:18","0","28","851","497","8,325981","0"
"07.05.2018 19:43:46","0","18","853","853","5,663595","0"
"07.05.2018 19:44:39","0","29","850","850","8,173242","0"
"07.05.2018 19:45:20","0","29","851","851","3,346092","0"
"07.05.2018 19:46:01","0","29","851","851","8,139824","0"
"07.05.2018 19:46:43","0","18,5","283","283","3,947343","0"
"07.05.2018 19:47:24","0","29,5","283","283","3,309384","0"
"07.05.2018 19:48:05","0","17,5","283","283","5,766887","0"
"07.05.2018 19:48:46","0","18,5","283","283","7,710799","0"
"07.05.2018 19:49:27","0","29,5","283","283","6,83494","0"
"07.05.2018 19:50:08","0","29","283","283","6,188821","0"
"07.05.2018 19:50:49","0","17","283","283","3,677398","0"
"07.05.2018 19:51:30","0","32,5","851","851","5,19298","0"
"07.05.2018 19:52:11","0","18","851","851","6,066002","0"
"07.05.2018 19:52:52","0","23","283","283","2,806896","0"
"07.05.2018 19:53:34","0","33,5","851","851","5,980732","0"
"07.05.2018 19:54:16","0","33","283","283","1,400867","0"
"07.05.2018 19:54:58","0","18,5","283","283","5,299499","0"
"07.05.2018 19:55:40","0","33","283","283","0,9887662","0"
"07.05.2018 19:56:22","0","32","851","851","0,8362071","0"
"07.05.2018 19:57:04","0","29,5","283","283","6,781507","0"
"07.05.2018 19:57:51","0","18","851","851","0,9987791","0"
"07.05.2018 19:58:35","0","18,5","283","283","8,062023","0"
"07.05.2018 19:59:17","0","29,5","851","851","8,788977","0"
"07.05.2018 19:59:58","0","18","852","852","1,135565","0"
"07.05.2018 20:00:40","0","18,5","851","851","5,05651","0"
"07.05.2018 20:01:21","0","32","851","851","5,074934","0"
"07.05.2018 20:02:02","0","32","283","283","3,786408","0"
"07.05.2018 20:02:43","0","29,5","283","283","4,229365","0"
"07.05.2018 20:03:24","0","19","284","284","6,132061","0"
"07.05.2018 20:04:06","0","24","283","283","3,093001","0"
"07.05.2018 20:04:47","0","32,5","283","283","5,866629","0"
"07.05.2018 20:05:28","0","34","283","283","5,853608","0"
"07.05.2018 20:06:10","0","32,5","283","283","1,966353","0"
"07.05.2018 20:06:51","0","34,5","283","283","7,072025","0"
"07.05.2018 20:07:34","0","32","283","283","7,773216","0"
"07.05.2018 20:08:16","0","32","283","282","6,334068","0"
"07.05.2018 20:08:58","0","30","284","284","9,747389","0"
"07.05.2018 20:09:40","0","34","283","283","6,533472","0"
"07.05.2018 20:10:22","0","33,5","283","283","5,2266","0"
"07.05.2018 20:11:03","0","37,5","283","283","8,649474","0"
"07.05.2018 20:11:45","0","17,5","852","852","1,19472","0"
"07.05.2018 20:12:27","0","34","851","850","7,832054","0"
"07.05.2018 20:13:08","0","17,5","851","851","6,962173","0"
"07.05.2018 20:13:49","0","17,5","283","283","4,907615","0"
"07.05.2018 20:14:32","0","17","851","851","6,799922","0"
"07.05.2018 20:15:13","0","33,5","283","283","6,0765","0"
"07.05.2018 20:15:55","0","17","283","283","4,945382","0"
"07.05.2018 20:16:36","0","32,5","283","283","6,055671","0"
"07.05.2018 20:17:17","0","18,5","283","283","5,054588","0"
"07.05.2018 20:17:58","0","33,5","851","851","2,372123","0"
"07.05.2018 20:18:39","0","19,5","283","283","12,6525","0"
"07.05.2018 20:19:21","0","17,5","851","851","6,622336","0"
"07.05.2018 20:20:03","0","32,5","851","851","5,81356","0"
"07.05.2018 20:20:46","0","20","851","851","4,869517","0"
"07.05.2018 20:21:28","0","29","283","283","5,832972","0"
"07.05.2018 20:22:10","0","33,5","851","851","3,565214","0"
"07.05.2018 20:22:51","0","33,5","283","283","3,280315","0"
"07.05.2018 20:23:33","0","30,5","851","851","6,683849","0"
"07.05.2018 20:24:14","0","29,5","283","283","5,152552","0"
"07.05.2018 20:24:56","0","18,5","852","852","6,524358","0"
"07.05.2018 20:25:38","0","30","851","850","13,22766","0"
"07.05.2018 20:26:20","0","29","851","851","3,828748","0"
"07.05.2018 20:27:01","0","18,5","283","283","5,090545","0"
"07.05.2018 20:27:42","0","29","283","283","8,218781","0"
"07.05.2018 20:28:23","0","29","283","283","3,758617","0"
"07.05.2018 20:29:04","0","29,5","283","283","5,996176","0"
"07.05.2018 20:29:45","0","18,5","851","851","4,966816","0"
"07.05.2018 20:30:27","0","29","851","851","5,923417","0"
"07.05.2018 20:31:08","0","18","283","283","2,311965","0"
"07.05.2018 20:31:49","0","18","283","283","3,576577","0"
"07.05.2018 20:32:30","0","18,5","283","283","3,508551","0"
"07.05.2018 20:33:11","0","17,5","850","850","5,778697","0"
"07.05.2018 20:33:52","0","32,5","283","283","2,907075","0"
"07.05.2018 20:34:39","0","33","283","283","1,066543","0"
"07.05.2018 20:35:20","0","23","851","851","6,541274","0"
"07.05.2018 20:36:01","0","18,5","283","283","1,744711","0"
"07.05.2018 20:36:43","0","29,5","851","851","4,966248","0"
"07.05.2018 20:37:24","0","30","283","283","7,856232","0"
"07.05.2018 20:38:05","0","18,5","851","851","6,071882","0"
"07.05.2018 20:38:46","0","17,5","283","283","5,85295","0"
"07.05.2018 20:39:27","0","29","283","283","6,414727","0"
"07.05.2018 20:40:08","0","29,5","283","283","4,57311","0"
"07.05.2018 20:40:49","0","18","851","851","5,697903","0"
"07.05.2018 20:41:30","0","29","850","850","8,015266","0"
"07.05.2018 20:42:11","0","17,5","851","851","1,094756","0"
"07.05.2018 20:42:52","0","18,5","851","851","5,783403","0"
"07.05.2018 20:43:33","0","24","851","851","7,407088","0"
"07.05.2018 20:44:14","0","29,5","283","283","7,912133","0"
"07.05.2018 20:44:56","0","29","851","851","3,083226","0"
"07.05.2018 20:45:37","0","18,5","851","851","1,36125","0"
"07.05.2018 20:46:18","0","17","283","283","4,709958","0"
"07.05.2018 20:46:59","0","18,5","284","284","6,226903","0"
"07.05.2018 20:47:40","0","18","850","850","5,890084","0"
"07.05.2018 20:48:21","0","29","851","851","6,700124","0"
"07.05.2018 20:49:02","0","30","283","283","6,270762","0"
"07.05.2018 20:49:43","0","17,5","851","851","1,24029","0"
"07.05.2018 20:50:25","0","18,5","851","851","1,239868","0"
"07.05.2018 20:51:06","0","18","851","851","6,167473","0"
"07.05.2018 20:51:47","0","18,5","851","851","2,027593","0"
"07.05.2018 20:52:28","0","18,5","283","283","4,429752","0"
"07.05.2018 20:53:09","0","18,5","283","282","1,730545","0"
"07.05.2018 20:53:50","0","23","283","283","4,937775","0"
"07.05.2018 20:54:31","0","17","851","851","4,981061","0"
"07.05.2018 20:55:12","0","18,5","283","283","4,331945","0"
"07.05.2018 20:55:53","0","18,5","283","283","3,936871","0"
"07.05.2018 20:56:34","0","18","851","851","1,232834","0"
"07.05.2018 20:57:15","0","17,5","851","851","5,747552","0"
"07.05.2018 20:57:57","0","18","851","851","6,192866","0"
"07.05.2018 20:58:38","0","18","283","283","4,952802","0"
"07.05.2018 20:59:20","0","17","851","851","4,237986","0"
"07.05.2018 21:00:01","0","29","283","283","4,749697","0"
"07.05.2018 21:00:46","0","18","283","283","4,892638","0"
"07.05.2018 21:01:27","0","18,5","851","851","1,264946","0"
"07.05.2018 21:02:08","0","17,5","851","841","5,632971","0"
"07.05.2018 21:02:49","0","18,5","283","283","5,20807","0"
"07.05.2018 21:03:31","0","31,5","851","851","8,569272","0"
"07.05.2018 21:04:12","0","17","283","283","3,138775","0"
"07.05.2018 21:04:53","0","18,5","851","851","5,953389","0"
"07.05.2018 21:05:35","0","18","283","283","0,9755938","0"
"07.05.2018 21:06:16","0","18","283","283","5,768599","0"
"07.05.2018 21:06:57","0","18,5","283","283","5,208823","0"
"07.05.2018 21:07:38","0","18,5","851","851","1,274046","0"
"07.05.2018 21:08:19","0","17,5","283","283","2,016863","0"
"07.05.2018 21:09:00","0","18,5","851","851","1,067518","0"
"07.05.2018 21:09:41","0","18,5","851","851","1,544212","0"
"07.05.2018 21:10:22","0","18","283","283","5,935733","0"
"07.05.2018 21:11:03","0","18,5","283","283","1,491016","0"
"07.05.2018 21:11:44","0","18","283","283","5,472689","0"
"07.05.2018 21:12:26","0","17,5","284","284","0,9898286","0"
"07.05.2018 21:13:06","0","17","851","851","5,535625","0"
"07.05.2018 21:13:48","0","17,5","283","283","5,347594","0"
"07.05.2018 21:14:29","0","18,5","851","851","5,098451","0"
"07.05.2018 21:15:16","0","18,5","283","283","0,8832105","0"
"07.05.2018 21:15:57","0","18,5","850","850","6,24518","0"
"07.05.2018 21:16:38","0","18","851","851","5,553994","0"
"07.05.2018 21:17:19","0","18,5","851","851","6,268373","0"
"07.05.2018 21:18:00","0","18","283","283","5,687767","0"
"07.05.2018 21:18:41","0","17,5","851","851","6,619822","0"
"07.05.2018 21:19:22","0","18","283","283","4,503031","0"
"07.05.2018 21:20:03","0","18,5","283","283","4,553593","0"
"07.05.2018 21:20:44","0","18,5","851","851","1,170189","0"
"07.05.2018 21:21:25","0","18,5","851","851","1,171831","0"
"07.05.2018 21:22:07","0","18,5","283","283","3,833413","0"
"07.05.2018 21:22:48","0","17,5","283","283","4,451442","0"
"07.05.2018 21:23:29","0","18,5","283","283","1,241238","0"
"07.05.2018 21:24:10","0","17,5","283","283","4,621522","0"
"07.05.2018 21:24:51","0","18,5","283","283","6,029634","0"
"07.05.2018 21:25:32","0","18","283","283","4,827298","0"
"07.05.2018 21:26:13","0","18","283","283","5,096492","0"
"07.05.2018 21:26:54","0","18,5","283","283","1,234225","0"
"07.05.2018 21:27:35","0","17,5","283","283","1,059289","0"
"07.05.2018 21:28:16","0","18,5","851","849","5,595391","0"
"07.05.2018 21:28:57","0","18","283","283","5,370698","0"
"07.05.2018 21:29:38","0","17,5","851","851","5,962959","0"
"07.05.2018 21:30:20","0","18","283","283","1,23748","0"
"07.05.2018 21:31:01","0","17,5","851","851","1,077943","0"
"07.05.2018 21:31:42","0","18,5","283","283","2,794284","0"
"07.05.2018 21:32:23","0","17,5","851","851","6,025671","0"
"07.05.2018 21:33:04","0","17,5","851","851","1,145438","0"
"07.05.2018 21:33:45","0","18,5","851","851","5,225031","0"
"07.05.2018 21:34:26","0","18,5","851","851","6,160753","0"
"07.05.2018 21:35:07","0","18,5","283","283","5,446035","0"
"07.05.2018 21:35:48","0","17","851","851","5,47081","0"
"07.05.2018 21:36:29","0","18,5","850","850","4,353401","0"
"07.05.2018 21:37:10","0","18,5","283","283","4,158133","0"
"07.05.2018 21:37:51","0","17,5","283","283","2,607816","0"
"07.05.2018 21:38:33","0","21","851","851","7,137669","0"
"07.05.2018 21:39:14","0","18,5","851","851","5,265842","0"
"07.05.2018 21:39:55","0","17","283","283","5,606699","0"
"07.05.2018 21:40:36","0","17,5","283","283","3,955358","0"
"07.05.2018 21:41:17","0","18,5","283","283","2,831587","0"
"07.05.2018 21:41:58","0","18,5","851","851","6,010341","0"
"07.05.2018 21:42:39","0","17","851","851","5,843759","0"
"07.05.2018 21:43:20","0","18,5","283","283","0,9952","0"
"07.05.2018 21:44:01","0","18,5","283","283","1,20907","0"
"07.05.2018 21:44:42","0","17,5","851","851","3,308989","0"
"07.05.2018 21:45:23","0","17","851","851","4,774027","0"
"07.05.2018 21:46:04","0","17","283","283","4,9745","0"
"07.05.2018 21:46:46","0","18,5","851","851","5,67325","0"
"07.05.2018 21:47:27","0","18","851","851","5,430489","0"
"07.05.2018 21:48:08","0","18,5","284","284","5,355875","0"
"07.05.2018 21:48:49","0","18","283","283","5,693408","0"
"07.05.2018 21:49:30","0","18,5","283","283","5,932011","0"
"07.05.2018 21:50:11","0","18,5","851","851","6,355991","0"
"07.05.2018 21:50:52","0","17","283","283","5,757626","0"
"07.05.2018 21:51:33","0","18,5","851","851","1,352438","0"
"07.05.2018 21:52:14","0","18,5","283","283","5,835865","0"
"07.05.2018 21:52:55","0","18,5","850","850","5,843612","0"
"07.05.2018 21:53:36","0","18,5","283","283","7,32794","0"
"07.05.2018 21:54:17","0","17","851","851","5,321522","0"
"07.05.2018 21:54:58","0","18","283","283","5,310355","0"
"07.05.2018 21:55:40","0","18","850","850","5,991642","0"
"07.05.2018 21:56:21","0","18","283","283","1,273408","0"
"07.05.2018 21:57:02","0","18,5","283","283","2,733311","0"
"07.05.2018 21:57:43","0","18,5","283","283","5,986114","0"
"07.05.2018 21:58:24","0","18","851","851","6,060963","0"
"07.05.2018 21:59:05","0","18","851","851","4,688325","0"
"07.05.2018 21:59:46","0","18","851","851","1,310582","0"
"07.05.2018 22:00:27","0","17","283","283","1,179611","0"
"07.05.2018 22:01:08","0","17,5","851","851","1,114464","0"
"07.05.2018 22:01:49","0","18","851","851","5,736746","0"
"07.05.2018 22:02:30","0","18","283","283","5,977181","0"
"07.05.2018 22:03:11","0","18,5","850","850","6,296644","0"
"07.05.2018 22:03:53","0","17,5","283","283","2,275333","0"
"07.05.2018 22:04:34","0","17,5","283","283","4,89915","0"
"07.05.2018 22:05:15","0","17,5","283","283","1,721486","0"
"07.05.2018 22:05:56","0","17,5","851","851","1,121197","0"
"07.05.2018 22:06:37","0","18","283","283","5,887924","0"
"07.05.2018 22:07:18","0","17","851","851","5,857625","0"
"07.05.2018 22:07:59","0","17,5","851","851","1,133749","0"
"07.05.2018 22:08:40","0","17,5","283","283","8,45352","0"
"07.05.2018 22:09:21","0","17,5","851","851","4,732751","0"
"07.05.2018 22:10:02","0","17,5","850","850","5,758496","0"
"07.05.2018 22:10:43","0","17,5","851","851","4,25581","0"
"07.05.2018 22:11:24","0","18,5","283","283","6,233589","0"
"07.05.2018 22:12:06","0","17,5","283","283","5,300035","0"
"07.05.2018 22:12:47","0","17,5","851","851","1,080306","0"
"07.05.2018 22:13:28","0","18","283","283","5,474845","0"
"07.05.2018 22:14:09","0","18,5","851","851","1,418659","0"
"07.05.2018 22:14:50","0","18","851","851","1,104243","0"
"07.05.2018 22:15:31","0","17,5","851","851","1,213136","0"
"07.05.2018 22:16:12","0","18","851","851","1,375789","0"
"07.05.2018 22:16:53","0","17,5","851","851","5,636002","0"
"07.05.2018 22:17:34","0","18","851","851","4,120603","0"
"07.05.2018 22:18:15","0","18,5","851","851","1,239967","0"
"07.05.2018 22:18:56","0","17,5","283","283","4,385512","0"
"07.05.2018 22:19:37","0","17","283","283","5,992535","0"
"07.05.2018 22:20:18","0","17","851","851","1,230651","0"
"07.05.2018 22:21:00","0","17,5","283","283","5,758538","0"
"07.05.2018 22:21:41","0","18,5","851","851","5,333422","0"
"07.05.2018 22:22:22","0","17","851","851","5,664234","0"
"07.05.2018 22:23:03","0","17,5","283","283","0,9346731","0"
"07.05.2018 22:23:44","0","18,5","283","283","4,427799","0"
"07.05.2018 22:24:25","0","17","851","851","5,572353","0"
"07.05.2018 22:25:06","0","18,5","851","851","3,664947","0"
"07.05.2018 22:25:47","0","18,5","283","283","2,488337","0"
"07.05.2018 22:26:28","0","18,5","283","283","5,672873","0"
"07.05.2018 22:27:09","0","18,5","283","283","5,711315","0"
"07.05.2018 22:27:50","0","18,5","851","851","3,94266","0"
"07.05.2018 22:28:31","0","21","283","283","5,832727","0"
"07.05.2018 22:29:13","0","17,5","851","851","1,196425","0"
"07.05.2018 22:29:54","0","17,5","851","851","5,402323","0"
"07.05.2018 22:30:35","0","18","851","851","4,822005","0"
"07.05.2018 22:31:16","0","18,5","851","851","4,778694","0"
"07.05.2018 22:31:57","0","17,5","283","283","1,262888","0"
"07.05.2018 22:32:38","0","17","851","851","2,897229","0"
"07.05.2018 22:33:19","0","18","283","283","1,256663","0"
"07.05.2018 22:34:00","0","17,5","283","283","5,425943","0"
"07.05.2018 22:34:41","0","17,5","283","283","1,497054","0"
"07.05.2018 22:35:22","0","18,5","283","283","4,976866","0"
"07.05.2018 22:36:03","0","18","851","851","1,093651","0"
"07.05.2018 22:36:44","0","17,5","851","851","5,69803","0"
"07.05.2018 22:37:26","0","18","283","283","1,05446","0"
"07.05.2018 22:38:07","0","17,5","283","283","1,855281","0"
"07.05.2018 22:38:48","0","17","851","851","6,349861","0"
"07.05.2018 22:39:29","0","17","851","851","5,630426","0"
"07.05.2018 22:40:10","0","18,5","283","283","6,220742","0"
"07.05.2018 22:40:51","0","18","851","851","1,123365","0"
"07.05.2018 22:41:32","0","18,5","851","851","5,93211","0"
"07.05.2018 22:42:13","0","18","851","851","5,331884","0"
"07.05.2018 22:42:54","0","18","851","851","5,870088","0"
"07.05.2018 22:43:35","0","17","283","283","8,664145","0"
"07.05.2018 22:44:16","0","17,5","851","851","5,075181","0"
"07.05.2018 22:44:57","0","18","850","850","5,843441","0"
"07.05.2018 22:45:39","0","18","283","283","1,018066","0"
"07.05.2018 22:46:20","0","18,5","851","851","4,069633","0"
"07.05.2018 22:47:01","0","17","283","283","5,419076","0"
"07.05.2018 22:47:42","0","18","283","283","3,164105","0"
"07.05.2018 22:48:23","0","18,5","283","283","3,776639","0"
"07.05.2018 22:49:07","0","17","851","844","5,565858","0"
"07.05.2018 22:49:48","0","17,5","851","851","4,854153","0"
"07.05.2018 22:50:29","0","17,5","283","283","6,296479","0"
"07.05.2018 22:51:10","0","18,5","283","283","5,899215","0"
"07.05.2018 22:51:51","0","18","283","283","3,497997","0"
"07.05.2018 22:52:32","0","18,5","851","851","1,13756","0"
"07.05.2018 22:53:13","0","17,5","283","283","5,428382","0"
"07.05.2018 22:53:55","0","18","283","283","5,063329","0"
"07.05.2018 22:54:36","0","17,5","283","283","5,724041","0"
"07.05.2018 22:55:17","0","18","851","851","5,232139","0"
"07.05.2018 22:55:58","0","18","283","283","5,37228","0"
"07.05.2018 22:56:39","0","17,5","851","851","5,364261","0"
"07.05.2018 22:57:20","0","18,5","851","851","6,207431","0"
"07.05.2018 22:58:01","0","17,5","283","283","5,484608","0"
"07.05.2018 22:58:42","0","18","852","852","1,932268","0"
"07.05.2018 22:59:29","0","17","851","851","5,225049","0"
"07.05.2018 23:00:10","0","17","284","284","1,824636","0"
"07.05.2018 23:00:52","0","17","851","851","5,641608","0"
"07.05.2018 23:01:34","0","17,5","851","851","1,970961","0"
"07.05.2018 23:02:15","0","18,5","851","851","6,273301","0"
"07.05.2018 23:02:56","0","18,5","283","283","5,272725","0"
"07.05.2018 23:03:37","0","18,5","283","283","6,939763","0"
"07.05.2018 23:04:18","0","17,5","851","851","4,000267","0"
"07.05.2018 23:04:59","0","17","283","283","5,679201","0"
"07.05.2018 23:05:41","0","18,5","283","283","4,671355","0"
"07.05.2018 23:06:22","0","17","283","283","5,399808","0"
"07.05.2018 23:07:03","0","17","283","283","5,183155","0"
"07.05.2018 23:07:44","0","18","852","852","5,322415","0"
"07.05.2018 23:08:26","0","17","283","283","6,070961","0"
"07.05.2018 23:09:08","0","18","851","851","3,501148","0"
