MetricId,PCT,Description
"cpu.usagemhz.average","[Math]::round((Get-vmhost $Entity.HostFQDN | Get-View).Hardware.CpuInfo.Hz / 100000000 / $Entity.NumCPU , 2)","This is the Virtual CPU usage in MHz. The total % is for the whole VM (regardless the amount of vCPUs).<br/>If there are a lot of high spikes or the average is around 90%-100% the CPU could be a bottleneck. Adding a vCPU could improve the VMs performance.<br/><b><i>Review when:</b><br/>- Consistent High Spikes<br/>- Average Load 90% - 100%</i>"
"cpu.ready.summation","$SamplingPeriod * 10","Ready time is the time a virtual machine must wait in a ready-to-run state before it can be scheduled on a CPU. One of the reasons for this is CPU resource contention. Ready time at a low CPU usage (see the graph above) has little to no impact (the usage is low anyway), high ready times at high CPU usage could impact performance badly.<br/>A host could have too much VMs and need to free up CPU resources to lower the ready time.<br/><b><i>Note: with high CPU usage, review when:</b><br/>- 0% - 5% is quite normal<br/>- > 5% could have impact.</i>"
"cpu.system.summation","$SamplingPeriod * 10","System time should be low. High system times have higher overhead in virtualized environments. Ways to resolve high system time: rewrite application to do less disk/network IO - or scale out (have multiple VMs to do the same job).<br/><b><i>Review when:</b><br/>- 0% - 30% is quite normal<br/>- > 30% could have impact.</i>"
"mem.consumed.average","$Entity.MemoryMB * 10","The average amount of memory in use by the VM. If this is high, adding more memory could resolve bottlenecks. However, there are applications/services which always use all available memory (like MSSQL and MS Exchange) - so check the active memory too."
"mem.active.average","$Entity.MemoryMB * 10","The active memory is the amount of memory recently touched by this VM. When this value is low, the VMs memory could by quite static. Together with low consumed memory, this VM could be scaled down. If the active memory is high, the VM might have a busy application/service. Together with high memory allocation, this VM could perform better when scalled up (increase memory)."
"mem.vmmemctl.average","$Entity.MemoryMB * 10","Memory Control is also called ballooning. The VMkernel balloons to prevent VMkernel Swapping. By ballooning the VMware Tools driver the OS starts to swap - freeing up memory which can be used for other VMs. The relative shares value, reservations and limits have influence on the total amount ballooned memory.<br/><i><b>Review when:</b><br/> VMs has any ballooning.<br/> <b>Take steps:</b><br/>- Check DRS in your cluster is running<br/>- Check the amount of overcommitted memory, over commit less<br/>- Move this VM to other hosts where resources are available<br/>- Move other VMs to free up resources on this host</i>"
"mem.swapped.average","$Entity.MemoryMB * 10","Memory Swapping is done when too much memory is overcommitted and the VMkernel cannot balloon enough. Swapping is done to disk which is way slower than memory.<br/><i><b>Review when:</b><br/> VMs has any swapping.<br/><b>Take steps:</b><br/>- Check DRS in your cluster is running<br/>- Check the amount of overcommitted memory, over commit less<br/>- Move this VM to other hosts where resources are available<br/>- Move other VMs to free up resources on this host</i>"
"disk.read.average","","The average disk reads in KBps. The percentage is a relative value - could be higher than 100%. 100% is the baseline during an All-In-One test with Iometer. Compare this graph with the graph below. With a low disk usage but a high amount of disk read IOs there could be a lot of small IOs. This can cause a high amount of interrupts, causing system time so more overhead. Review the need for those small IOs and consider rewriting the application and optimize the disk array for a lot of small IOs. In case of a high disk read usage (causing a bottleneck) consider scaling out using multiple VMs or use VMDirectPath"
"disk.numberread.summation","","When the amount of read IOs is too high consider scaling out using multiple VMs for the same task or use VMDirectPath. The percentage is a relative value - could be higher than 100%. 100% is the baseline during an All-In-One test with Iometer."
"disk.write.average","","The average disk writes in KBps. The percentage is a relative value - could be higher than 100%. 100% is the baseline during an All-In-One test with Iometer. Compare this graph with the graph below. With a low disk usage but a high amount of disk write IOs there could be a lot of small IOs. This can cause a high amount of interrupts, causing system time so more overhead. Review the need for those small IOs and consider rewriting the application and optimize the disk array for a lot of small IOs. In case of a high disk write usage (causing a bottleneck) consider scaling out using multiple VMs or use VMDirectPath"
"disk.numberwrite.summation","","When the amount of write IOs is too high consider scaling out using multiple VMs for the same task or use VMDirectPath. The percentage is a relative value - could be higher than 100%. 100% is the baseline during an All-In-One test with Iometer."
"net.usage.average","2000","Average network usage (received and transmitted). The percentage is a relative value - could be higher than 100%. 100% is the baseline during an All-In-One test with Iometer."
"net.received.average","1000","The average received in KBps. The percentage is a relative value - could be higher than 100%. 100% is the baseline during an All-In-One test with Iometer. Compare this graph with the graph below. With a low bandwidth usage but a high amount of packages there could be a lot of small packages. This can cause a high amount of interrupts, causing system time so more overhead. In case of a high bandwidth usage consider scaling out using multiple VMs (and do Network Load Balancing) or use VMDirectPath"
"net.packetsrx.summation","1000","When the amount of received packages is too high consider scaling out using multiple VMs (and do Network Load Balancing) or use VMDirectPath. The percentage is a relative value - could be higher than 100%. 100% is the baseline during an All-In-One test with Iometer."
"net.transmitted.average","1000","The average transmitted in KBps. The percentage is a relative value - could be higher than 100%. 100% is the baseline during an All-In-One test with Iometer. Compare this graph with the graph below. With a low bandwidth usage but a high amount of packages there could be a lot of small packages. This can cause a high amount of interrupts, causing system time so more overhead. In case of a high bandwidth usage consider scaling out using multiple VMs (and do Network Load Balancing) or use VMDirectPath"
"net.packetstx.summation","1000","When the amount of transmitted packages is too high consider scaling out using multiple VMs (and do Network Load Balancing) or use VMDirectPath. The percentage is a relative value - could be higher than 100%. 100% is the baseline during an All-In-One test with Iometer."